{"type":"FeatureCollection", "features":[

{"type":"Feature","id":"ID_20000","geometry":{"type":"Point","coordinates":[103.2008776949497,-4.031149284411924,950]},"properties":{"name":"SD Negeri 64 Pagaralam","description":"<html xmlns:fo=\"http://www.w3.org/1999/XSL/Format\" xmlns:msxsl=\"urn:schemas-microsoft-com:xslt\">\n\n<head>\n\n<META http-equiv=\"Content-Type\" content=\"text/html\">\n\n<meta http-equiv=\"content-type\" content=\"text/html; charset=UTF-8\">\n\n</head>\n\n<body style=\"margin:0px 0px 0px 0px;overflow:auto;background:#FFFFFF;\">\n\n<table style=\"font-family:Arial,Verdana,Times;font-size:12px;text-align:left;width:100%;border-collapse:collapse;padding:3px 3px 3px 3px\">\n\n<tr style=\"text-align:center;font-weight:bold;background:#9CBCE2\">\n\n<td>SD Negeri 64 Pagaralam</td>\n\n</tr>\n\n<tr>\n\n<td>\n\n<table style=\"font-family:Arial,Verdana,Times;font-size:12px;text-align:left;width:100%;border-spacing:0px; padding:3px 3px 3px 3px\">\n\n<tr>\n\n<td>FID</td>\n\n<td>1</td>\n\n</tr>\n\n<tr bgcolor=\"#D4E4F3\">\n\n<td>NAMOBJ</td>\n\n<td>SD Negeri 64 Pagaralam</td>\n\n</tr>\n\n<tr>\n\n<td>LUAS</td>\n\n<td>0</td>\n\n</tr>\n\n<tr bgcolor=\"#D4E4F3\">\n\n<td>KATPDK</td>\n\n<td>0</td>\n\n</tr>\n\n<tr>\n\n<td>JLPDDK</td>\n\n<td>0</td>\n\n</tr>\n\n<tr bgcolor=\"#D4E4F3\">\n\n<td>FGGPDK</td>\n\n<td>4</td>\n\n</tr>\n\n<tr>\n\n<td>REMARK</td>\n\n<td>Pendidikan Dasar</td>\n\n</tr>\n\n<tr bgcolor=\"#D4E4F3\">\n\n<td>FCODE</td>\n\n<td></td>\n\n</tr>\n\n<tr>\n\n<td>SRS_ID</td>\n\n<td></td>\n\n</tr>\n\n<tr bgcolor=\"#D4E4F3\">\n\n<td>LCODE</td>\n\n<td>GE0020</td>\n\n</tr>\n\n<tr>\n\n<td>METADATA</td>\n\n<td></td>\n\n</tr>\n\n<tr bgcolor=\"#D4E4F3\">\n\n<td>JJGPDF</td>\n\n<td>1</td>\n\n</tr>\n\n<tr>\n\n<td>JNSPDL</td>\n\n<td>0</td>\n\n</tr>\n\n</table>\n\n</td>\n\n</tr>\n\n</table>\n\n</body>\n\n</html>\n\n","extrude":false,"altitudeMode":"clampToGround"}},
{"type":"Feature","id":"ID_30000","geometry":{"type":"Point","coordinates":[103.1909895717114,-4.035504988864091,1049.133000000002]},"properties":{"name":" ","description":"<html xmlns:fo=\"http://www.w3.org/1999/XSL/Format\" xmlns:msxsl=\"urn:schemas-microsoft-com:xslt\">\n\n<head>\n\n<META http-equiv=\"Content-Type\" content=\"text/html\">\n\n<meta http-equiv=\"content-type\" content=\"text/html; charset=UTF-8\">\n\n</head>\n\n<body style=\"margin:0px 0px 0px 0px;overflow:auto;background:#FFFFFF;\">\n\n<table style=\"font-family:Arial,Verdana,Times;font-size:12px;text-align:left;width:100%;border-collapse:collapse;padding:3px 3px 3px 3px\">\n\n<tr style=\"text-align:center;font-weight:bold;background:#9CBCE2\">\n\n<td> </td>\n\n</tr>\n\n<tr>\n\n<td>\n\n<table style=\"font-family:Arial,Verdana,Times;font-size:12px;text-align:left;width:100%;border-spacing:0px; padding:3px 3px 3px 3px\">\n\n<tr>\n\n<td>FID</td>\n\n<td>1</td>\n\n</tr>\n\n<tr bgcolor=\"#D4E4F3\">\n\n<td>NAMOBJ</td>\n\n<td></td>\n\n</tr>\n\n<tr>\n\n<td>FCODE</td>\n\n<td></td>\n\n</tr>\n\n<tr bgcolor=\"#D4E4F3\">\n\n<td>REMARK</td>\n\n<td>Gedung/Bangunan</td>\n\n</tr>\n\n<tr>\n\n<td>SRS_ID</td>\n\n<td></td>\n\n</tr>\n\n<tr bgcolor=\"#D4E4F3\">\n\n<td>LCODE</td>\n\n<td>GA0020</td>\n\n</tr>\n\n<tr>\n\n<td>METADATA</td>\n\n<td></td>\n\n</tr>\n\n</table>\n\n</td>\n\n</tr>\n\n</table>\n\n</body>\n\n</html>\n\n","extrude":false,"altitudeMode":"clampToGround"}},
{"type":"Feature","id":"ID_30001","geometry":{"type":"Point","coordinates":[103.1873016948174,-4.025377307816427,1066.982999999993]},"properties":{"name":" ","description":"<html xmlns:fo=\"http://www.w3.org/1999/XSL/Format\" xmlns:msxsl=\"urn:schemas-microsoft-com:xslt\">\n\n<head>\n\n<META http-equiv=\"Content-Type\" content=\"text/html\">\n\n<meta http-equiv=\"content-type\" content=\"text/html; charset=UTF-8\">\n\n</head>\n\n<body style=\"margin:0px 0px 0px 0px;overflow:auto;background:#FFFFFF;\">\n\n<table style=\"font-family:Arial,Verdana,Times;font-size:12px;text-align:left;width:100%;border-collapse:collapse;padding:3px 3px 3px 3px\">\n\n<tr style=\"text-align:center;font-weight:bold;background:#9CBCE2\">\n\n<td> </td>\n\n</tr>\n\n<tr>\n\n<td>\n\n<table style=\"font-family:Arial,Verdana,Times;font-size:12px;text-align:left;width:100%;border-spacing:0px; padding:3px 3px 3px 3px\">\n\n<tr>\n\n<td>FID</td>\n\n<td>2</td>\n\n</tr>\n\n<tr bgcolor=\"#D4E4F3\">\n\n<td>NAMOBJ</td>\n\n<td></td>\n\n</tr>\n\n<tr>\n\n<td>FCODE</td>\n\n<td></td>\n\n</tr>\n\n<tr bgcolor=\"#D4E4F3\">\n\n<td>REMARK</td>\n\n<td>Gedung/Bangunan</td>\n\n</tr>\n\n<tr>\n\n<td>SRS_ID</td>\n\n<td></td>\n\n</tr>\n\n<tr bgcolor=\"#D4E4F3\">\n\n<td>LCODE</td>\n\n<td>GA0020</td>\n\n</tr>\n\n<tr>\n\n<td>METADATA</td>\n\n<td></td>\n\n</tr>\n\n</table>\n\n</td>\n\n</tr>\n\n</table>\n\n</body>\n\n</html>\n\n","extrude":false,"altitudeMode":"clampToGround"}},
{"type":"Feature","id":"ID_30002","geometry":{"type":"Point","coordinates":[103.1868827708233,-4.02547786461173,1069.023000000001]},"properties":{"name":" ","description":"<html xmlns:fo=\"http://www.w3.org/1999/XSL/Format\" xmlns:msxsl=\"urn:schemas-microsoft-com:xslt\">\n\n<head>\n\n<META http-equiv=\"Content-Type\" content=\"text/html\">\n\n<meta http-equiv=\"content-type\" content=\"text/html; charset=UTF-8\">\n\n</head>\n\n<body style=\"margin:0px 0px 0px 0px;overflow:auto;background:#FFFFFF;\">\n\n<table style=\"font-family:Arial,Verdana,Times;font-size:12px;text-align:left;width:100%;border-collapse:collapse;padding:3px 3px 3px 3px\">\n\n<tr style=\"text-align:center;font-weight:bold;background:#9CBCE2\">\n\n<td> </td>\n\n</tr>\n\n<tr>\n\n<td>\n\n<table style=\"font-family:Arial,Verdana,Times;font-size:12px;text-align:left;width:100%;border-spacing:0px; padding:3px 3px 3px 3px\">\n\n<tr>\n\n<td>FID</td>\n\n<td>3</td>\n\n</tr>\n\n<tr bgcolor=\"#D4E4F3\">\n\n<td>NAMOBJ</td>\n\n<td></td>\n\n</tr>\n\n<tr>\n\n<td>FCODE</td>\n\n<td></td>\n\n</tr>\n\n<tr bgcolor=\"#D4E4F3\">\n\n<td>REMARK</td>\n\n<td>Gedung/Bangunan</td>\n\n</tr>\n\n<tr>\n\n<td>SRS_ID</td>\n\n<td></td>\n\n</tr>\n\n<tr bgcolor=\"#D4E4F3\">\n\n<td>LCODE</td>\n\n<td>GA0020</td>\n\n</tr>\n\n<tr>\n\n<td>METADATA</td>\n\n<td></td>\n\n</tr>\n\n</table>\n\n</td>\n\n</tr>\n\n</table>\n\n</body>\n\n</html>\n\n","extrude":false,"altitudeMode":"clampToGround"}},
{"type":"Feature","id":"ID_30003","geometry":{"type":"Point","coordinates":[103.1887610678691,-4.023545859154012,1034.342999999993]},"properties":{"name":" ","description":"<html xmlns:fo=\"http://www.w3.org/1999/XSL/Format\" xmlns:msxsl=\"urn:schemas-microsoft-com:xslt\">\n\n<head>\n\n<META http-equiv=\"Content-Type\" content=\"text/html\">\n\n<meta http-equiv=\"content-type\" content=\"text/html; charset=UTF-8\">\n\n</head>\n\n<body style=\"margin:0px 0px 0px 0px;overflow:auto;background:#FFFFFF;\">\n\n<table style=\"font-family:Arial,Verdana,Times;font-size:12px;text-align:left;width:100%;border-collapse:collapse;padding:3px 3px 3px 3px\">\n\n<tr style=\"text-align:center;font-weight:bold;background:#9CBCE2\">\n\n<td> </td>\n\n</tr>\n\n<tr>\n\n<td>\n\n<table style=\"font-family:Arial,Verdana,Times;font-size:12px;text-align:left;width:100%;border-spacing:0px; padding:3px 3px 3px 3px\">\n\n<tr>\n\n<td>FID</td>\n\n<td>4</td>\n\n</tr>\n\n<tr bgcolor=\"#D4E4F3\">\n\n<td>NAMOBJ</td>\n\n<td></td>\n\n</tr>\n\n<tr>\n\n<td>FCODE</td>\n\n<td></td>\n\n</tr>\n\n<tr bgcolor=\"#D4E4F3\">\n\n<td>REMARK</td>\n\n<td>Gedung/Bangunan</td>\n\n</tr>\n\n<tr>\n\n<td>SRS_ID</td>\n\n<td></td>\n\n</tr>\n\n<tr bgcolor=\"#D4E4F3\">\n\n<td>LCODE</td>\n\n<td>GA0020</td>\n\n</tr>\n\n<tr>\n\n<td>METADATA</td>\n\n<td></td>\n\n</tr>\n\n</table>\n\n</td>\n\n</tr>\n\n</table>\n\n</body>\n\n</html>\n\n","extrude":false,"altitudeMode":"clampToGround"}},
{"type":"Feature","id":"ID_30004","geometry":{"type":"Point","coordinates":[103.1810010256768,-4.023547339438096,1174.895000000004]},"properties":{"name":" ","description":"<html xmlns:fo=\"http://www.w3.org/1999/XSL/Format\" xmlns:msxsl=\"urn:schemas-microsoft-com:xslt\">\n\n<head>\n\n<META http-equiv=\"Content-Type\" content=\"text/html\">\n\n<meta http-equiv=\"content-type\" content=\"text/html; charset=UTF-8\">\n\n</head>\n\n<body style=\"margin:0px 0px 0px 0px;overflow:auto;background:#FFFFFF;\">\n\n<table style=\"font-family:Arial,Verdana,Times;font-size:12px;text-align:left;width:100%;border-collapse:collapse;padding:3px 3px 3px 3px\">\n\n<tr style=\"text-align:center;font-weight:bold;background:#9CBCE2\">\n\n<td> </td>\n\n</tr>\n\n<tr>\n\n<td>\n\n<table style=\"font-family:Arial,Verdana,Times;font-size:12px;text-align:left;width:100%;border-spacing:0px; padding:3px 3px 3px 3px\">\n\n<tr>\n\n<td>FID</td>\n\n<td>5</td>\n\n</tr>\n\n<tr bgcolor=\"#D4E4F3\">\n\n<td>NAMOBJ</td>\n\n<td></td>\n\n</tr>\n\n<tr>\n\n<td>FCODE</td>\n\n<td></td>\n\n</tr>\n\n<tr bgcolor=\"#D4E4F3\">\n\n<td>REMARK</td>\n\n<td>Gedung/Bangunan</td>\n\n</tr>\n\n<tr>\n\n<td>SRS_ID</td>\n\n<td></td>\n\n</tr>\n\n<tr bgcolor=\"#D4E4F3\">\n\n<td>LCODE</td>\n\n<td>GA0020</td>\n\n</tr>\n\n<tr>\n\n<td>METADATA</td>\n\n<td></td>\n\n</tr>\n\n</table>\n\n</td>\n\n</tr>\n\n</table>\n\n</body>\n\n</html>\n\n","extrude":false,"altitudeMode":"clampToGround"}},
{"type":"Feature","id":"ID_30005","geometry":{"type":"Point","coordinates":[103.1891968892251,-4.023438321821061,1029.243000000002]},"properties":{"name":" ","description":"<html xmlns:fo=\"http://www.w3.org/1999/XSL/Format\" xmlns:msxsl=\"urn:schemas-microsoft-com:xslt\">\n\n<head>\n\n<META http-equiv=\"Content-Type\" content=\"text/html\">\n\n<meta http-equiv=\"content-type\" content=\"text/html; charset=UTF-8\">\n\n</head>\n\n<body style=\"margin:0px 0px 0px 0px;overflow:auto;background:#FFFFFF;\">\n\n<table style=\"font-family:Arial,Verdana,Times;font-size:12px;text-align:left;width:100%;border-collapse:collapse;padding:3px 3px 3px 3px\">\n\n<tr style=\"text-align:center;font-weight:bold;background:#9CBCE2\">\n\n<td> </td>\n\n</tr>\n\n<tr>\n\n<td>\n\n<table style=\"font-family:Arial,Verdana,Times;font-size:12px;text-align:left;width:100%;border-spacing:0px; padding:3px 3px 3px 3px\">\n\n<tr>\n\n<td>FID</td>\n\n<td>6</td>\n\n</tr>\n\n<tr bgcolor=\"#D4E4F3\">\n\n<td>NAMOBJ</td>\n\n<td></td>\n\n</tr>\n\n<tr>\n\n<td>FCODE</td>\n\n<td></td>\n\n</tr>\n\n<tr bgcolor=\"#D4E4F3\">\n\n<td>REMARK</td>\n\n<td>Gedung/Bangunan</td>\n\n</tr>\n\n<tr>\n\n<td>SRS_ID</td>\n\n<td></td>\n\n</tr>\n\n<tr bgcolor=\"#D4E4F3\">\n\n<td>LCODE</td>\n\n<td>GA0020</td>\n\n</tr>\n\n<tr>\n\n<td>METADATA</td>\n\n<td></td>\n\n</tr>\n\n</table>\n\n</td>\n\n</tr>\n\n</table>\n\n</body>\n\n</html>\n\n","extrude":false,"altitudeMode":"clampToGround"}},
{"type":"Feature","id":"ID_30006","geometry":{"type":"Point","coordinates":[103.1981132392347,-4.036627793337971,986.8880000000063]},"properties":{"name":" ","description":"<html xmlns:fo=\"http://www.w3.org/1999/XSL/Format\" xmlns:msxsl=\"urn:schemas-microsoft-com:xslt\">\n\n<head>\n\n<META http-equiv=\"Content-Type\" content=\"text/html\">\n\n<meta http-equiv=\"content-type\" content=\"text/html; charset=UTF-8\">\n\n</head>\n\n<body style=\"margin:0px 0px 0px 0px;overflow:auto;background:#FFFFFF;\">\n\n<table style=\"font-family:Arial,Verdana,Times;font-size:12px;text-align:left;width:100%;border-collapse:collapse;padding:3px 3px 3px 3px\">\n\n<tr style=\"text-align:center;font-weight:bold;background:#9CBCE2\">\n\n<td> </td>\n\n</tr>\n\n<tr>\n\n<td>\n\n<table style=\"font-family:Arial,Verdana,Times;font-size:12px;text-align:left;width:100%;border-spacing:0px; padding:3px 3px 3px 3px\">\n\n<tr>\n\n<td>FID</td>\n\n<td>7</td>\n\n</tr>\n\n<tr bgcolor=\"#D4E4F3\">\n\n<td>NAMOBJ</td>\n\n<td></td>\n\n</tr>\n\n<tr>\n\n<td>FCODE</td>\n\n<td></td>\n\n</tr>\n\n<tr bgcolor=\"#D4E4F3\">\n\n<td>REMARK</td>\n\n<td>Gedung/Bangunan</td>\n\n</tr>\n\n<tr>\n\n<td>SRS_ID</td>\n\n<td></td>\n\n</tr>\n\n<tr bgcolor=\"#D4E4F3\">\n\n<td>LCODE</td>\n\n<td>GA0020</td>\n\n</tr>\n\n<tr>\n\n<td>METADATA</td>\n\n<td></td>\n\n</tr>\n\n</table>\n\n</td>\n\n</tr>\n\n</table>\n\n</body>\n\n</html>\n\n","extrude":false,"altitudeMode":"clampToGround"}},
{"type":"Feature","id":"ID_30007","geometry":{"type":"Point","coordinates":[103.197212773251,-4.036634832331572,989.4379999999946]},"properties":{"name":" ","description":"<html xmlns:fo=\"http://www.w3.org/1999/XSL/Format\" xmlns:msxsl=\"urn:schemas-microsoft-com:xslt\">\n\n<head>\n\n<META http-equiv=\"Content-Type\" content=\"text/html\">\n\n<meta http-equiv=\"content-type\" content=\"text/html; charset=UTF-8\">\n\n</head>\n\n<body style=\"margin:0px 0px 0px 0px;overflow:auto;background:#FFFFFF;\">\n\n<table style=\"font-family:Arial,Verdana,Times;font-size:12px;text-align:left;width:100%;border-collapse:collapse;padding:3px 3px 3px 3px\">\n\n<tr style=\"text-align:center;font-weight:bold;background:#9CBCE2\">\n\n<td> </td>\n\n</tr>\n\n<tr>\n\n<td>\n\n<table style=\"font-family:Arial,Verdana,Times;font-size:12px;text-align:left;width:100%;border-spacing:0px; padding:3px 3px 3px 3px\">\n\n<tr>\n\n<td>FID</td>\n\n<td>8</td>\n\n</tr>\n\n<tr bgcolor=\"#D4E4F3\">\n\n<td>NAMOBJ</td>\n\n<td></td>\n\n</tr>\n\n<tr>\n\n<td>FCODE</td>\n\n<td></td>\n\n</tr>\n\n<tr bgcolor=\"#D4E4F3\">\n\n<td>REMARK</td>\n\n<td>Gedung/Bangunan</td>\n\n</tr>\n\n<tr>\n\n<td>SRS_ID</td>\n\n<td></td>\n\n</tr>\n\n<tr bgcolor=\"#D4E4F3\">\n\n<td>LCODE</td>\n\n<td>GA0020</td>\n\n</tr>\n\n<tr>\n\n<td>METADATA</td>\n\n<td></td>\n\n</tr>\n\n</table>\n\n</td>\n\n</tr>\n\n</table>\n\n</body>\n\n</html>\n\n","extrude":false,"altitudeMode":"clampToGround"}},
{"type":"Feature","id":"ID_30008","geometry":{"type":"Point","coordinates":[103.200696999567,-4.030216926669766,924.6680000000051]},"properties":{"name":" ","description":"<html xmlns:fo=\"http://www.w3.org/1999/XSL/Format\" xmlns:msxsl=\"urn:schemas-microsoft-com:xslt\">\n\n<head>\n\n<META http-equiv=\"Content-Type\" content=\"text/html\">\n\n<meta http-equiv=\"content-type\" content=\"text/html; charset=UTF-8\">\n\n</head>\n\n<body style=\"margin:0px 0px 0px 0px;overflow:auto;background:#FFFFFF;\">\n\n<table style=\"font-family:Arial,Verdana,Times;font-size:12px;text-align:left;width:100%;border-collapse:collapse;padding:3px 3px 3px 3px\">\n\n<tr style=\"text-align:center;font-weight:bold;background:#9CBCE2\">\n\n<td> </td>\n\n</tr>\n\n<tr>\n\n<td>\n\n<table style=\"font-family:Arial,Verdana,Times;font-size:12px;text-align:left;width:100%;border-spacing:0px; padding:3px 3px 3px 3px\">\n\n<tr>\n\n<td>FID</td>\n\n<td>9</td>\n\n</tr>\n\n<tr bgcolor=\"#D4E4F3\">\n\n<td>NAMOBJ</td>\n\n<td></td>\n\n</tr>\n\n<tr>\n\n<td>FCODE</td>\n\n<td></td>\n\n</tr>\n\n<tr bgcolor=\"#D4E4F3\">\n\n<td>REMARK</td>\n\n<td>Gedung/Bangunan</td>\n\n</tr>\n\n<tr>\n\n<td>SRS_ID</td>\n\n<td></td>\n\n</tr>\n\n<tr bgcolor=\"#D4E4F3\">\n\n<td>LCODE</td>\n\n<td>GA0020</td>\n\n</tr>\n\n<tr>\n\n<td>METADATA</td>\n\n<td></td>\n\n</tr>\n\n</table>\n\n</td>\n\n</tr>\n\n</table>\n\n</body>\n\n</html>\n\n","extrude":false,"altitudeMode":"clampToGround"}},
{"type":"Feature","id":"ID_30009","geometry":{"type":"Point","coordinates":[103.2012817135803,-4.031502246731236,925.4330000000045]},"properties":{"name":" ","description":"<html xmlns:fo=\"http://www.w3.org/1999/XSL/Format\" xmlns:msxsl=\"urn:schemas-microsoft-com:xslt\">\n\n<head>\n\n<META http-equiv=\"Content-Type\" content=\"text/html\">\n\n<meta http-equiv=\"content-type\" content=\"text/html; charset=UTF-8\">\n\n</head>\n\n<body style=\"margin:0px 0px 0px 0px;overflow:auto;background:#FFFFFF;\">\n\n<table style=\"font-family:Arial,Verdana,Times;font-size:12px;text-align:left;width:100%;border-collapse:collapse;padding:3px 3px 3px 3px\">\n\n<tr style=\"text-align:center;font-weight:bold;background:#9CBCE2\">\n\n<td> </td>\n\n</tr>\n\n<tr>\n\n<td>\n\n<table style=\"font-family:Arial,Verdana,Times;font-size:12px;text-align:left;width:100%;border-spacing:0px; padding:3px 3px 3px 3px\">\n\n<tr>\n\n<td>FID</td>\n\n<td>10</td>\n\n</tr>\n\n<tr bgcolor=\"#D4E4F3\">\n\n<td>NAMOBJ</td>\n\n<td></td>\n\n</tr>\n\n<tr>\n\n<td>FCODE</td>\n\n<td></td>\n\n</tr>\n\n<tr bgcolor=\"#D4E4F3\">\n\n<td>REMARK</td>\n\n<td>Gedung/Bangunan</td>\n\n</tr>\n\n<tr>\n\n<td>SRS_ID</td>\n\n<td></td>\n\n</tr>\n\n<tr bgcolor=\"#D4E4F3\">\n\n<td>LCODE</td>\n\n<td>GA0020</td>\n\n</tr>\n\n<tr>\n\n<td>METADATA</td>\n\n<td></td>\n\n</tr>\n\n</table>\n\n</td>\n\n</tr>\n\n</table>\n\n</body>\n\n</html>\n\n","extrude":false,"altitudeMode":"clampToGround"}},
{"type":"Feature","id":"ID_30010","geometry":{"type":"Point","coordinates":[103.2008240386985,-4.031819977210148,931.2979999999952]},"properties":{"name":" ","description":"<html xmlns:fo=\"http://www.w3.org/1999/XSL/Format\" xmlns:msxsl=\"urn:schemas-microsoft-com:xslt\">\n\n<head>\n\n<META http-equiv=\"Content-Type\" content=\"text/html\">\n\n<meta http-equiv=\"content-type\" content=\"text/html; charset=UTF-8\">\n\n</head>\n\n<body style=\"margin:0px 0px 0px 0px;overflow:auto;background:#FFFFFF;\">\n\n<table style=\"font-family:Arial,Verdana,Times;font-size:12px;text-align:left;width:100%;border-collapse:collapse;padding:3px 3px 3px 3px\">\n\n<tr style=\"text-align:center;font-weight:bold;background:#9CBCE2\">\n\n<td> </td>\n\n</tr>\n\n<tr>\n\n<td>\n\n<table style=\"font-family:Arial,Verdana,Times;font-size:12px;text-align:left;width:100%;border-spacing:0px; padding:3px 3px 3px 3px\">\n\n<tr>\n\n<td>FID</td>\n\n<td>11</td>\n\n</tr>\n\n<tr bgcolor=\"#D4E4F3\">\n\n<td>NAMOBJ</td>\n\n<td></td>\n\n</tr>\n\n<tr>\n\n<td>FCODE</td>\n\n<td></td>\n\n</tr>\n\n<tr bgcolor=\"#D4E4F3\">\n\n<td>REMARK</td>\n\n<td>Gedung/Bangunan</td>\n\n</tr>\n\n<tr>\n\n<td>SRS_ID</td>\n\n<td></td>\n\n</tr>\n\n<tr bgcolor=\"#D4E4F3\">\n\n<td>LCODE</td>\n\n<td>GA0020</td>\n\n</tr>\n\n<tr>\n\n<td>METADATA</td>\n\n<td></td>\n\n</tr>\n\n</table>\n\n</td>\n\n</tr>\n\n</table>\n\n</body>\n\n</html>\n\n","extrude":false,"altitudeMode":"clampToGround"}},
{"type":"Feature","id":"ID_30011","geometry":{"type":"Point","coordinates":[103.1834999277795,-4.023451200112731,1132.418999999994]},"properties":{"name":" ","description":"<html xmlns:fo=\"http://www.w3.org/1999/XSL/Format\" xmlns:msxsl=\"urn:schemas-microsoft-com:xslt\">\n\n<head>\n\n<META http-equiv=\"Content-Type\" content=\"text/html\">\n\n<meta http-equiv=\"content-type\" content=\"text/html; charset=UTF-8\">\n\n</head>\n\n<body style=\"margin:0px 0px 0px 0px;overflow:auto;background:#FFFFFF;\">\n\n<table style=\"font-family:Arial,Verdana,Times;font-size:12px;text-align:left;width:100%;border-collapse:collapse;padding:3px 3px 3px 3px\">\n\n<tr style=\"text-align:center;font-weight:bold;background:#9CBCE2\">\n\n<td> </td>\n\n</tr>\n\n<tr>\n\n<td>\n\n<table style=\"font-family:Arial,Verdana,Times;font-size:12px;text-align:left;width:100%;border-spacing:0px; padding:3px 3px 3px 3px\">\n\n<tr>\n\n<td>FID</td>\n\n<td>12</td>\n\n</tr>\n\n<tr bgcolor=\"#D4E4F3\">\n\n<td>NAMOBJ</td>\n\n<td></td>\n\n</tr>\n\n<tr>\n\n<td>FCODE</td>\n\n<td></td>\n\n</tr>\n\n<tr bgcolor=\"#D4E4F3\">\n\n<td>REMARK</td>\n\n<td>Gedung/Bangunan</td>\n\n</tr>\n\n<tr>\n\n<td>SRS_ID</td>\n\n<td></td>\n\n</tr>\n\n<tr bgcolor=\"#D4E4F3\">\n\n<td>LCODE</td>\n\n<td>GA0020</td>\n\n</tr>\n\n<tr>\n\n<td>METADATA</td>\n\n<td></td>\n\n</tr>\n\n</table>\n\n</td>\n\n</tr>\n\n</table>\n\n</body>\n\n</html>\n\n","extrude":false,"altitudeMode":"clampToGround"}},
{"type":"Feature","id":"ID_30012","geometry":{"type":"Point","coordinates":[103.1726993559906,-4.021562023068839,1369.726999999999]},"properties":{"name":" ","description":"<html xmlns:fo=\"http://www.w3.org/1999/XSL/Format\" xmlns:msxsl=\"urn:schemas-microsoft-com:xslt\">\n\n<head>\n\n<META http-equiv=\"Content-Type\" content=\"text/html\">\n\n<meta http-equiv=\"content-type\" content=\"text/html; charset=UTF-8\">\n\n</head>\n\n<body style=\"margin:0px 0px 0px 0px;overflow:auto;background:#FFFFFF;\">\n\n<table style=\"font-family:Arial,Verdana,Times;font-size:12px;text-align:left;width:100%;border-collapse:collapse;padding:3px 3px 3px 3px\">\n\n<tr style=\"text-align:center;font-weight:bold;background:#9CBCE2\">\n\n<td> </td>\n\n</tr>\n\n<tr>\n\n<td>\n\n<table style=\"font-family:Arial,Verdana,Times;font-size:12px;text-align:left;width:100%;border-spacing:0px; padding:3px 3px 3px 3px\">\n\n<tr>\n\n<td>FID</td>\n\n<td>13</td>\n\n</tr>\n\n<tr bgcolor=\"#D4E4F3\">\n\n<td>NAMOBJ</td>\n\n<td></td>\n\n</tr>\n\n<tr>\n\n<td>FCODE</td>\n\n<td></td>\n\n</tr>\n\n<tr bgcolor=\"#D4E4F3\">\n\n<td>REMARK</td>\n\n<td>Gedung/Bangunan</td>\n\n</tr>\n\n<tr>\n\n<td>SRS_ID</td>\n\n<td></td>\n\n</tr>\n\n<tr bgcolor=\"#D4E4F3\">\n\n<td>LCODE</td>\n\n<td>GA0020</td>\n\n</tr>\n\n<tr>\n\n<td>METADATA</td>\n\n<td></td>\n\n</tr>\n\n</table>\n\n</td>\n\n</tr>\n\n</table>\n\n</body>\n\n</html>\n\n","extrude":false,"altitudeMode":"clampToGround"}},
{"type":"Feature","id":"ID_40000","geometry":{"type":"Point","coordinates":[103.2005180551642,-4.030904340562813,0]},"properties":{"name":"Puskeskel Dempomakmur","description":"<html xmlns:fo=\"http://www.w3.org/1999/XSL/Format\" xmlns:msxsl=\"urn:schemas-microsoft-com:xslt\">\n\n<head>\n\n<META http-equiv=\"Content-Type\" content=\"text/html\">\n\n<meta http-equiv=\"content-type\" content=\"text/html; charset=UTF-8\">\n\n</head>\n\n<body style=\"margin:0px 0px 0px 0px;overflow:auto;background:#FFFFFF;\">\n\n<table style=\"font-family:Arial,Verdana,Times;font-size:12px;text-align:left;width:100%;border-collapse:collapse;padding:3px 3px 3px 3px\">\n\n<tr style=\"text-align:center;font-weight:bold;background:#9CBCE2\">\n\n<td>Puskeskel Dempomakmur</td>\n\n</tr>\n\n<tr>\n\n<td>\n\n<table style=\"font-family:Arial,Verdana,Times;font-size:12px;text-align:left;width:100%;border-spacing:0px; padding:3px 3px 3px 3px\">\n\n<tr>\n\n<td>FID</td>\n\n<td>1</td>\n\n</tr>\n\n<tr bgcolor=\"#D4E4F3\">\n\n<td>NAMOBJ</td>\n\n<td>Puskeskel Dempomakmur</td>\n\n</tr>\n\n<tr>\n\n<td>FCODE</td>\n\n<td></td>\n\n</tr>\n\n<tr bgcolor=\"#D4E4F3\">\n\n<td>LCODE</td>\n\n<td>GI0020</td>\n\n</tr>\n\n<tr>\n\n<td>SRS_ID</td>\n\n<td></td>\n\n</tr>\n\n<tr bgcolor=\"#D4E4F3\">\n\n<td>REMARK</td>\n\n<td>Puskesmas/Puskesmas Pembantu</td>\n\n</tr>\n\n<tr>\n\n<td>METADATA</td>\n\n<td></td>\n\n</tr>\n\n<tr bgcolor=\"#D4E4F3\">\n\n<td>KWKPKM_</td>\n\n<td>0</td>\n\n</tr>\n\n<tr>\n\n<td>KMPPKM_</td>\n\n<td>0</td>\n\n</tr>\n\n<tr bgcolor=\"#D4E4F3\">\n\n<td>JPLPKM_</td>\n\n<td>0</td>\n\n</tr>\n\n<tr>\n\n<td>PKMKODE_</td>\n\n<td></td>\n\n</tr>\n\n<tr bgcolor=\"#D4E4F3\">\n\n<td>PKMKAT_</td>\n\n<td>0</td>\n\n</tr>\n\n<tr>\n\n<td>PKMLMT_</td>\n\n<td></td>\n\n</tr>\n\n</table>\n\n</td>\n\n</tr>\n\n</table>\n\n</body>\n\n</html>\n\n","extrude":false,"altitudeMode":"clampToGround"}},
{"type":"Feature","id":"ID_50000","geometry":{"type":"MultiPolygon","coordinates":[[[[103.2002478961236,-4.021447987234751,0],[103.2001696560049,-4.021338509164821,0],[103.2001162371747,-4.021133121096625,0],[103.2000076260512,-4.020945518021165,0],[103.1999703581455,-4.020824399126695,0],[103.199491979971,-4.021034858471921,0],[103.1996828934508,-4.021517240428238,0],[103.1999229629744,-4.021469575460515,0],[103.2000259218589,-4.021657027449805,0],[103.2002478961236,-4.021447987234751,0]]]]},"properties":{"name":"Bangunrejo","description":"<html xmlns:fo=\"http://www.w3.org/1999/XSL/Format\" xmlns:msxsl=\"urn:schemas-microsoft-com:xslt\">\n\n<head>\n\n<META http-equiv=\"Content-Type\" content=\"text/html\">\n\n<meta http-equiv=\"content-type\" content=\"text/html; charset=UTF-8\">\n\n</head>\n\n<body style=\"margin:0px 0px 0px 0px;overflow:auto;background:#FFFFFF;\">\n\n<table style=\"font-family:Arial,Verdana,Times;font-size:12px;text-align:left;width:100%;border-collapse:collapse;padding:3px 3px 3px 3px\">\n\n<tr style=\"text-align:center;font-weight:bold;background:#9CBCE2\">\n\n<td>Bangunrejo</td>\n\n</tr>\n\n<tr>\n\n<td>\n\n<table style=\"font-family:Arial,Verdana,Times;font-size:12px;text-align:left;width:100%;border-spacing:0px; padding:3px 3px 3px 3px\">\n\n<tr>\n\n<td>FID</td>\n\n<td>1</td>\n\n</tr>\n\n<tr bgcolor=\"#D4E4F3\">\n\n<td>NAMOBJ</td>\n\n<td>Bangunrejo</td>\n\n</tr>\n\n<tr>\n\n<td>FCODE</td>\n\n<td></td>\n\n</tr>\n\n<tr bgcolor=\"#D4E4F3\">\n\n<td>REMARK</td>\n\n<td>Permukiman dan Tempat Kegiatan</td>\n\n</tr>\n\n<tr>\n\n<td>SRS_ID</td>\n\n<td></td>\n\n</tr>\n\n<tr bgcolor=\"#D4E4F3\">\n\n<td>LCODE</td>\n\n<td>GA0040</td>\n\n</tr>\n\n<tr>\n\n<td>METADATA</td>\n\n<td></td>\n\n</tr>\n\n<tr bgcolor=\"#D4E4F3\">\n\n<td>SHAPE_Leng</td>\n\n<td>0.002564</td>\n\n</tr>\n\n</table>\n\n</td>\n\n</tr>\n\n</table>\n\n</body>\n\n</html>\n\n","extrude":false,"altitudeMode":"clampToGround"}},
{"type":"Feature","id":"ID_50001","geometry":{"type":"MultiPolygon","coordinates":[[[[103.1867324302575,-4.034133337483468,0],[103.1864737708479,-4.034152471459322,0],[103.1863556323066,-4.034148786037576,0],[103.1863775901537,-4.03429248331139,0],[103.1863443557075,-4.034455524103123,0],[103.1862200586089,-4.034418507108342,0],[103.1861672711028,-4.034991783543944,0],[103.1863629042247,-4.035007050434956,0],[103.1863935935895,-4.035318536920897,0],[103.186436211562,-4.035440179220871,0],[103.1866206184469,-4.035421494006698,0],[103.1867418488573,-4.035378902114587,0],[103.1867686099834,-4.03532631155997,0],[103.1868059453382,-4.034988437166589,0],[103.1868329465833,-4.034510979897732,0],[103.1867953908946,-4.034290489514433,0],[103.1867324302575,-4.034133337483468,0]]]]},"properties":{"name":"Dempomakmur","description":"<html xmlns:fo=\"http://www.w3.org/1999/XSL/Format\" xmlns:msxsl=\"urn:schemas-microsoft-com:xslt\">\n\n<head>\n\n<META http-equiv=\"Content-Type\" content=\"text/html\">\n\n<meta http-equiv=\"content-type\" content=\"text/html; charset=UTF-8\">\n\n</head>\n\n<body style=\"margin:0px 0px 0px 0px;overflow:auto;background:#FFFFFF;\">\n\n<table style=\"font-family:Arial,Verdana,Times;font-size:12px;text-align:left;width:100%;border-collapse:collapse;padding:3px 3px 3px 3px\">\n\n<tr style=\"text-align:center;font-weight:bold;background:#9CBCE2\">\n\n<td>Dempomakmur</td>\n\n</tr>\n\n<tr>\n\n<td>\n\n<table style=\"font-family:Arial,Verdana,Times;font-size:12px;text-align:left;width:100%;border-spacing:0px; padding:3px 3px 3px 3px\">\n\n<tr>\n\n<td>FID</td>\n\n<td>2</td>\n\n</tr>\n\n<tr bgcolor=\"#D4E4F3\">\n\n<td>NAMOBJ</td>\n\n<td>Dempomakmur</td>\n\n</tr>\n\n<tr>\n\n<td>FCODE</td>\n\n<td></td>\n\n</tr>\n\n<tr bgcolor=\"#D4E4F3\">\n\n<td>REMARK</td>\n\n<td>Permukiman dan Tempat Kegiatan</td>\n\n</tr>\n\n<tr>\n\n<td>SRS_ID</td>\n\n<td></td>\n\n</tr>\n\n<tr bgcolor=\"#D4E4F3\">\n\n<td>LCODE</td>\n\n<td>GA0040</td>\n\n</tr>\n\n<tr>\n\n<td>METADATA</td>\n\n<td></td>\n\n</tr>\n\n<tr bgcolor=\"#D4E4F3\">\n\n<td>SHAPE_Leng</td>\n\n<td>0.003617</td>\n\n</tr>\n\n</table>\n\n</td>\n\n</tr>\n\n</table>\n\n</body>\n\n</html>\n\n","extrude":false,"altitudeMode":"clampToGround"}},
{"type":"Feature","id":"ID_50002","geometry":{"type":"MultiPolygon","coordinates":[[[[103.1877745133831,-4.03536678644798,0],[103.1878874979097,-4.034568632736182,0],[103.1876490561591,-4.034505598354656,0],[103.1877116480742,-4.034123290257583,0],[103.187619396518,-4.034108710448606,0],[103.187468862598,-4.034082519492642,0],[103.187247175217,-4.034052653906826,0],[103.1870438501936,-4.03404739826874,0],[103.1869580099043,-4.034672458567059,0],[103.1868966914292,-4.035427537450857,0],[103.187184924145,-4.035451221996254,0],[103.1874708824753,-4.035478139604436,0],[103.1876653203983,-4.035508736339068,0],[103.1877745133831,-4.03536678644798,0]]]]},"properties":{"name":"Dempomakmur","description":"<html xmlns:fo=\"http://www.w3.org/1999/XSL/Format\" xmlns:msxsl=\"urn:schemas-microsoft-com:xslt\">\n\n<head>\n\n<META http-equiv=\"Content-Type\" content=\"text/html\">\n\n<meta http-equiv=\"content-type\" content=\"text/html; charset=UTF-8\">\n\n</head>\n\n<body style=\"margin:0px 0px 0px 0px;overflow:auto;background:#FFFFFF;\">\n\n<table style=\"font-family:Arial,Verdana,Times;font-size:12px;text-align:left;width:100%;border-collapse:collapse;padding:3px 3px 3px 3px\">\n\n<tr style=\"text-align:center;font-weight:bold;background:#9CBCE2\">\n\n<td>Dempomakmur</td>\n\n</tr>\n\n<tr>\n\n<td>\n\n<table style=\"font-family:Arial,Verdana,Times;font-size:12px;text-align:left;width:100%;border-spacing:0px; padding:3px 3px 3px 3px\">\n\n<tr>\n\n<td>FID</td>\n\n<td>3</td>\n\n</tr>\n\n<tr bgcolor=\"#D4E4F3\">\n\n<td>NAMOBJ</td>\n\n<td>Dempomakmur</td>\n\n</tr>\n\n<tr>\n\n<td>FCODE</td>\n\n<td></td>\n\n</tr>\n\n<tr bgcolor=\"#D4E4F3\">\n\n<td>REMARK</td>\n\n<td>Permukiman dan Tempat Kegiatan</td>\n\n</tr>\n\n<tr>\n\n<td>SRS_ID</td>\n\n<td></td>\n\n</tr>\n\n<tr bgcolor=\"#D4E4F3\">\n\n<td>LCODE</td>\n\n<td>GA0040</td>\n\n</tr>\n\n<tr>\n\n<td>METADATA</td>\n\n<td></td>\n\n</tr>\n\n<tr bgcolor=\"#D4E4F3\">\n\n<td>SHAPE_Leng</td>\n\n<td>0.004521</td>\n\n</tr>\n\n</table>\n\n</td>\n\n</tr>\n\n</table>\n\n</body>\n\n</html>\n\n","extrude":false,"altitudeMode":"clampToGround"}},
{"type":"Feature","id":"ID_50003","geometry":{"type":"MultiPolygon","coordinates":[[[[103.1856668505447,-4.033069173303659,0],[103.1856600570661,-4.032802228440062,0],[103.185513907341,-4.032818435122635,0],[103.1855827324572,-4.033081223319755,0],[103.1850492033581,-4.033148972846789,0],[103.1850519112168,-4.033182725302481,0],[103.1856668505447,-4.033069173303659,0]]],[[[103.1853421494207,-4.032156436070636,0],[103.1853403076092,-4.032155600600447,0],[103.1853428967573,-4.032165485049063,0],[103.1853421494207,-4.032156436070636,0]]],[[[103.1852624703868,-4.031848766307462,0],[103.1852606825345,-4.03182137115931,0],[103.1852233714615,-4.031490826240599,0],[103.1851972002906,-4.03128637436663,0],[103.1851822148874,-4.031181278692998,0],[103.18515188705,-4.031133457243186,0],[103.1850891341563,-4.03112185149223,0],[103.184893176379,-4.031140520518534,0],[103.1847639114254,-4.031144206839599,0],[103.185035455422,-4.031272833274613,0],[103.1852678591245,-4.031931306084857,0],[103.1852624703868,-4.031848766307462,0]]],[[[103.1845801583477,-4.031037648868335,0],[103.1845833590348,-4.031058681313027,0],[103.184593122075,-4.031063305627015,0],[103.1845801583477,-4.031037648868335,0]]]]},"properties":{"name":"Dempomakmur","description":"<html xmlns:fo=\"http://www.w3.org/1999/XSL/Format\" xmlns:msxsl=\"urn:schemas-microsoft-com:xslt\">\n\n<head>\n\n<META http-equiv=\"Content-Type\" content=\"text/html\">\n\n<meta http-equiv=\"content-type\" content=\"text/html; charset=UTF-8\">\n\n</head>\n\n<body style=\"margin:0px 0px 0px 0px;overflow:auto;background:#FFFFFF;\">\n\n<table style=\"font-family:Arial,Verdana,Times;font-size:12px;text-align:left;width:100%;border-collapse:collapse;padding:3px 3px 3px 3px\">\n\n<tr style=\"text-align:center;font-weight:bold;background:#9CBCE2\">\n\n<td>Dempomakmur</td>\n\n</tr>\n\n<tr>\n\n<td>\n\n<table style=\"font-family:Arial,Verdana,Times;font-size:12px;text-align:left;width:100%;border-spacing:0px; padding:3px 3px 3px 3px\">\n\n<tr>\n\n<td>FID</td>\n\n<td>4</td>\n\n</tr>\n\n<tr bgcolor=\"#D4E4F3\">\n\n<td>NAMOBJ</td>\n\n<td>Dempomakmur</td>\n\n</tr>\n\n<tr>\n\n<td>FCODE</td>\n\n<td></td>\n\n</tr>\n\n<tr bgcolor=\"#D4E4F3\">\n\n<td>REMARK</td>\n\n<td>Permukiman dan Tempat Kegiatan</td>\n\n</tr>\n\n<tr>\n\n<td>SRS_ID</td>\n\n<td></td>\n\n</tr>\n\n<tr bgcolor=\"#D4E4F3\">\n\n<td>LCODE</td>\n\n<td>GA0040</td>\n\n</tr>\n\n<tr>\n\n<td>METADATA</td>\n\n<td></td>\n\n</tr>\n\n<tr bgcolor=\"#D4E4F3\">\n\n<td>SHAPE_Leng</td>\n\n<td>0.013897</td>\n\n</tr>\n\n</table>\n\n</td>\n\n</tr>\n\n</table>\n\n</body>\n\n</html>\n\n","extrude":false,"altitudeMode":"clampToGround"}},
{"type":"Feature","id":"ID_50004","geometry":{"type":"MultiPolygon","coordinates":[[[[103.1864460042797,-4.028635047969033,0],[103.1861013921656,-4.02850363543439,0],[103.1858499902849,-4.028633716073102,0],[103.1857856401952,-4.029095419018347,0],[103.1855300204941,-4.02926318035145,0],[103.185384356403,-4.029235239314801,0],[103.1852264804178,-4.029228112187582,0],[103.1852574764515,-4.028959336304297,0],[103.1847594489894,-4.028795099414253,0],[103.1845265344721,-4.028944725918336,0],[103.1845201546815,-4.028951617423161,0],[103.1843655549265,-4.029118612533921,0],[103.1842728132398,-4.02932045547459,0],[103.1841892680204,-4.029537148920213,0],[103.1839510043354,-4.029601495412635,0],[103.1839522678829,-4.029635088688337,0],[103.1842452930859,-4.029842647719988,0],[103.1843501198622,-4.029846106512537,0],[103.1843883176668,-4.029777423489236,0],[103.1844873051451,-4.029743257345388,0],[103.1847498936927,-4.029999439122776,0],[103.184877619007,-4.030124048286154,0],[103.1852042212979,-4.030458853293396,0],[103.1852699536455,-4.030507485032388,0],[103.1854875356213,-4.03070634222388,0],[103.185718253095,-4.030918449127057,0],[103.1860211069886,-4.031234854005277,0],[103.1862394749718,-4.031432424266939,0],[103.186419026417,-4.031626783948866,0],[103.1867971193916,-4.032021424449113,0],[103.1867971724516,-4.031460761904611,0],[103.1868079094575,-4.031203160097732,0],[103.186992373899,-4.031243069312154,0],[103.1870229382581,-4.031103379417402,0],[103.1875278545269,-4.031256419747933,0],[103.1877083232806,-4.031051741244823,0],[103.1873012946191,-4.030415841417891,0],[103.187113482901,-4.030520241016291,0],[103.1871250086123,-4.030780035370299,0],[103.1868467107072,-4.030759666625272,0],[103.1868736247181,-4.03021892046678,0],[103.1861822403182,-4.030247758127473,0],[103.1855891931868,-4.030272257458648,0],[103.1856111060678,-4.030063846769053,0],[103.1856291833402,-4.029976120601418,0],[103.1860352155528,-4.029695991676647,0],[103.1863956314533,-4.029522098765824,0],[103.1862936959973,-4.029102595608265,0],[103.1865072148362,-4.029001291476391,0],[103.1866061816301,-4.029396482361733,0],[103.1868045459931,-4.029307297493744,0],[103.1868903035447,-4.029518646268457,0],[103.1871400443776,-4.029455401445546,0],[103.1869443204241,-4.028974470994967,0],[103.1866644954702,-4.029021391324079,0],[103.1864460042797,-4.028635047969033,0]]]]},"properties":{"name":"Dempomakmur","description":"<html xmlns:fo=\"http://www.w3.org/1999/XSL/Format\" xmlns:msxsl=\"urn:schemas-microsoft-com:xslt\">\n\n<head>\n\n<META http-equiv=\"Content-Type\" content=\"text/html\">\n\n<meta http-equiv=\"content-type\" content=\"text/html; charset=UTF-8\">\n\n</head>\n\n<body style=\"margin:0px 0px 0px 0px;overflow:auto;background:#FFFFFF;\">\n\n<table style=\"font-family:Arial,Verdana,Times;font-size:12px;text-align:left;width:100%;border-collapse:collapse;padding:3px 3px 3px 3px\">\n\n<tr style=\"text-align:center;font-weight:bold;background:#9CBCE2\">\n\n<td>Dempomakmur</td>\n\n</tr>\n\n<tr>\n\n<td>\n\n<table style=\"font-family:Arial,Verdana,Times;font-size:12px;text-align:left;width:100%;border-spacing:0px; padding:3px 3px 3px 3px\">\n\n<tr>\n\n<td>FID</td>\n\n<td>5</td>\n\n</tr>\n\n<tr bgcolor=\"#D4E4F3\">\n\n<td>NAMOBJ</td>\n\n<td>Dempomakmur</td>\n\n</tr>\n\n<tr>\n\n<td>FCODE</td>\n\n<td></td>\n\n</tr>\n\n<tr bgcolor=\"#D4E4F3\">\n\n<td>REMARK</td>\n\n<td>Permukiman dan Tempat Kegiatan</td>\n\n</tr>\n\n<tr>\n\n<td>SRS_ID</td>\n\n<td></td>\n\n</tr>\n\n<tr bgcolor=\"#D4E4F3\">\n\n<td>LCODE</td>\n\n<td>GA0040</td>\n\n</tr>\n\n<tr>\n\n<td>METADATA</td>\n\n<td></td>\n\n</tr>\n\n<tr bgcolor=\"#D4E4F3\">\n\n<td>SHAPE_Leng</td>\n\n<td>0.017297</td>\n\n</tr>\n\n</table>\n\n</td>\n\n</tr>\n\n</table>\n\n</body>\n\n</html>\n\n","extrude":false,"altitudeMode":"clampToGround"}},
{"type":"Feature","id":"ID_50005","geometry":{"type":"MultiPolygon","coordinates":[[[[103.1968220546941,-4.026278531029334,0],[103.1967666285771,-4.026294725121431,0],[103.1964888252991,-4.026336137102987,0],[103.1963271334905,-4.026339594096953,0],[103.1961332468519,-4.026296906876723,0],[103.1961183100121,-4.026306295798861,0],[103.196107427316,-4.026642307696306,0],[103.1968254775138,-4.02664390129496,0],[103.1968220546941,-4.026278531029334,0]]]]},"properties":{"name":"Gunungdempo","description":"<html xmlns:fo=\"http://www.w3.org/1999/XSL/Format\" xmlns:msxsl=\"urn:schemas-microsoft-com:xslt\">\n\n<head>\n\n<META http-equiv=\"Content-Type\" content=\"text/html\">\n\n<meta http-equiv=\"content-type\" content=\"text/html; charset=UTF-8\">\n\n</head>\n\n<body style=\"margin:0px 0px 0px 0px;overflow:auto;background:#FFFFFF;\">\n\n<table style=\"font-family:Arial,Verdana,Times;font-size:12px;text-align:left;width:100%;border-collapse:collapse;padding:3px 3px 3px 3px\">\n\n<tr style=\"text-align:center;font-weight:bold;background:#9CBCE2\">\n\n<td>Gunungdempo</td>\n\n</tr>\n\n<tr>\n\n<td>\n\n<table style=\"font-family:Arial,Verdana,Times;font-size:12px;text-align:left;width:100%;border-spacing:0px; padding:3px 3px 3px 3px\">\n\n<tr>\n\n<td>FID</td>\n\n<td>6</td>\n\n</tr>\n\n<tr bgcolor=\"#D4E4F3\">\n\n<td>NAMOBJ</td>\n\n<td>Gunungdempo</td>\n\n</tr>\n\n<tr>\n\n<td>FCODE</td>\n\n<td></td>\n\n</tr>\n\n<tr bgcolor=\"#D4E4F3\">\n\n<td>REMARK</td>\n\n<td>Permukiman dan Tempat Kegiatan</td>\n\n</tr>\n\n<tr>\n\n<td>SRS_ID</td>\n\n<td></td>\n\n</tr>\n\n<tr bgcolor=\"#D4E4F3\">\n\n<td>LCODE</td>\n\n<td>GA0040</td>\n\n</tr>\n\n<tr>\n\n<td>METADATA</td>\n\n<td></td>\n\n</tr>\n\n<tr bgcolor=\"#D4E4F3\">\n\n<td>SHAPE_Leng</td>\n\n<td>0.002146</td>\n\n</tr>\n\n</table>\n\n</td>\n\n</tr>\n\n</table>\n\n</body>\n\n</html>\n\n","extrude":false,"altitudeMode":"clampToGround"}},
{"type":"Feature","id":"ID_50006","geometry":{"type":"MultiPolygon","coordinates":[[[[103.1851946642025,-4.02586561990239,0],[103.1847152464115,-4.025812898946072,0],[103.1843160382546,-4.025745167405489,0],[103.1842610249264,-4.025995696943824,0],[103.1845633563139,-4.026092076388181,0],[103.1844987912863,-4.026556781270415,0],[103.1847316635355,-4.026596798403489,0],[103.1847234824028,-4.026874777948592,0],[103.1842562270433,-4.026794739185846,0],[103.1842215302995,-4.027434208421937,0],[103.1842206939299,-4.027810946118223,0],[103.1844687404401,-4.027829730257793,0],[103.1847364883983,-4.027831848161213,0],[103.1849011686541,-4.028059676113116,0],[103.184975882531,-4.028110932973107,0],[103.1854922210892,-4.027812604468068,0],[103.1861437880055,-4.027708075367343,0],[103.1860618948406,-4.027527907886565,0],[103.1859234289232,-4.027217635485442,0],[103.1858612264145,-4.027069304904444,0],[103.1859366615478,-4.026954935421884,0],[103.1860825144965,-4.026733801123953,0],[103.1861446324689,-4.026667399680719,0],[103.1860927649692,-4.026597703121467,0],[103.1862038474297,-4.026477129216119,0],[103.1863107192643,-4.026318820657025,0],[103.1863999904672,-4.026208611438221,0],[103.1862970576631,-4.026039742140313,0],[103.1859976805486,-4.025975271541483,0],[103.1857553141565,-4.026123603021802,0],[103.1854890096101,-4.02615339036663,0],[103.1851946642025,-4.02586561990239,0]]]]},"properties":{"name":"Gunungdempo","description":"<html xmlns:fo=\"http://www.w3.org/1999/XSL/Format\" xmlns:msxsl=\"urn:schemas-microsoft-com:xslt\">\n\n<head>\n\n<META http-equiv=\"Content-Type\" content=\"text/html\">\n\n<meta http-equiv=\"content-type\" content=\"text/html; charset=UTF-8\">\n\n</head>\n\n<body style=\"margin:0px 0px 0px 0px;overflow:auto;background:#FFFFFF;\">\n\n<table style=\"font-family:Arial,Verdana,Times;font-size:12px;text-align:left;width:100%;border-collapse:collapse;padding:3px 3px 3px 3px\">\n\n<tr style=\"text-align:center;font-weight:bold;background:#9CBCE2\">\n\n<td>Gunungdempo</td>\n\n</tr>\n\n<tr>\n\n<td>\n\n<table style=\"font-family:Arial,Verdana,Times;font-size:12px;text-align:left;width:100%;border-spacing:0px; padding:3px 3px 3px 3px\">\n\n<tr>\n\n<td>FID</td>\n\n<td>7</td>\n\n</tr>\n\n<tr bgcolor=\"#D4E4F3\">\n\n<td>NAMOBJ</td>\n\n<td>Gunungdempo</td>\n\n</tr>\n\n<tr>\n\n<td>FCODE</td>\n\n<td></td>\n\n</tr>\n\n<tr bgcolor=\"#D4E4F3\">\n\n<td>REMARK</td>\n\n<td>Permukiman dan Tempat Kegiatan</td>\n\n</tr>\n\n<tr>\n\n<td>SRS_ID</td>\n\n<td></td>\n\n</tr>\n\n<tr bgcolor=\"#D4E4F3\">\n\n<td>LCODE</td>\n\n<td>GA0040</td>\n\n</tr>\n\n<tr>\n\n<td>METADATA</td>\n\n<td></td>\n\n</tr>\n\n<tr bgcolor=\"#D4E4F3\">\n\n<td>SHAPE_Leng</td>\n\n<td>0.009695</td>\n\n</tr>\n\n</table>\n\n</td>\n\n</tr>\n\n</table>\n\n</body>\n\n</html>\n\n","extrude":false,"altitudeMode":"clampToGround"}},
{"type":"Feature","id":"ID_50007","geometry":{"type":"MultiPolygon","coordinates":[[[[103.1874497591991,-4.02496798858175,0],[103.1875993110594,-4.024731364360946,0],[103.187793647359,-4.024423878059451,0],[103.187803423889,-4.024422264675707,0],[103.1888423054281,-4.0242507657602,0],[103.1896413206904,-4.024057473573521,0],[103.1895832298822,-4.02373953445192,0],[103.1887768033069,-4.023804577918895,0],[103.1887987989255,-4.02411908432822,0],[103.1884084347016,-4.024156192154521,0],[103.1880125783179,-4.024281785176186,0],[103.1876905949451,-4.024406801732482,0],[103.1871581315426,-4.024562787342688,0],[103.18717979711,-4.02498543902675,0],[103.1874497591991,-4.02496798858175,0]]]]},"properties":{"name":"Gunungdempo","description":"<html xmlns:fo=\"http://www.w3.org/1999/XSL/Format\" xmlns:msxsl=\"urn:schemas-microsoft-com:xslt\">\n\n<head>\n\n<META http-equiv=\"Content-Type\" content=\"text/html\">\n\n<meta http-equiv=\"content-type\" content=\"text/html; charset=UTF-8\">\n\n</head>\n\n<body style=\"margin:0px 0px 0px 0px;overflow:auto;background:#FFFFFF;\">\n\n<table style=\"font-family:Arial,Verdana,Times;font-size:12px;text-align:left;width:100%;border-collapse:collapse;padding:3px 3px 3px 3px\">\n\n<tr style=\"text-align:center;font-weight:bold;background:#9CBCE2\">\n\n<td>Gunungdempo</td>\n\n</tr>\n\n<tr>\n\n<td>\n\n<table style=\"font-family:Arial,Verdana,Times;font-size:12px;text-align:left;width:100%;border-spacing:0px; padding:3px 3px 3px 3px\">\n\n<tr>\n\n<td>FID</td>\n\n<td>8</td>\n\n</tr>\n\n<tr bgcolor=\"#D4E4F3\">\n\n<td>NAMOBJ</td>\n\n<td>Gunungdempo</td>\n\n</tr>\n\n<tr>\n\n<td>FCODE</td>\n\n<td></td>\n\n</tr>\n\n<tr bgcolor=\"#D4E4F3\">\n\n<td>REMARK</td>\n\n<td>Permukiman dan Tempat Kegiatan</td>\n\n</tr>\n\n<tr>\n\n<td>SRS_ID</td>\n\n<td></td>\n\n</tr>\n\n<tr bgcolor=\"#D4E4F3\">\n\n<td>LCODE</td>\n\n<td>GA0040</td>\n\n</tr>\n\n<tr>\n\n<td>METADATA</td>\n\n<td></td>\n\n</tr>\n\n<tr bgcolor=\"#D4E4F3\">\n\n<td>SHAPE_Leng</td>\n\n<td>0.008552</td>\n\n</tr>\n\n</table>\n\n</td>\n\n</tr>\n\n</table>\n\n</body>\n\n</html>\n\n","extrude":false,"altitudeMode":"clampToGround"}},
{"type":"Feature","id":"ID_50008","geometry":{"type":"MultiPolygon","coordinates":[[[[103.1829042204535,-4.021364455505193,0],[103.1831502021202,-4.021227958203667,0],[103.1832837271623,-4.021102143049404,0],[103.1833183573564,-4.020988386005172,0],[103.1833287580158,-4.020861962009917,0],[103.1833237299062,-4.020737284498011,0],[103.1827436581933,-4.020724622043645,0],[103.1825447542371,-4.021090392507574,0],[103.1824767034371,-4.021325340392082,0],[103.182790350994,-4.021437279906479,0],[103.1829042204535,-4.021364455505193,0]]]]},"properties":{"name":"Gunungdempo","description":"<html xmlns:fo=\"http://www.w3.org/1999/XSL/Format\" xmlns:msxsl=\"urn:schemas-microsoft-com:xslt\">\n\n<head>\n\n<META http-equiv=\"Content-Type\" content=\"text/html\">\n\n<meta http-equiv=\"content-type\" content=\"text/html; charset=UTF-8\">\n\n</head>\n\n<body style=\"margin:0px 0px 0px 0px;overflow:auto;background:#FFFFFF;\">\n\n<table style=\"font-family:Arial,Verdana,Times;font-size:12px;text-align:left;width:100%;border-collapse:collapse;padding:3px 3px 3px 3px\">\n\n<tr style=\"text-align:center;font-weight:bold;background:#9CBCE2\">\n\n<td>Gunungdempo</td>\n\n</tr>\n\n<tr>\n\n<td>\n\n<table style=\"font-family:Arial,Verdana,Times;font-size:12px;text-align:left;width:100%;border-spacing:0px; padding:3px 3px 3px 3px\">\n\n<tr>\n\n<td>FID</td>\n\n<td>9</td>\n\n</tr>\n\n<tr bgcolor=\"#D4E4F3\">\n\n<td>NAMOBJ</td>\n\n<td>Gunungdempo</td>\n\n</tr>\n\n<tr>\n\n<td>FCODE</td>\n\n<td></td>\n\n</tr>\n\n<tr bgcolor=\"#D4E4F3\">\n\n<td>REMARK</td>\n\n<td>Permukiman dan Tempat Kegiatan</td>\n\n</tr>\n\n<tr>\n\n<td>SRS_ID</td>\n\n<td></td>\n\n</tr>\n\n<tr bgcolor=\"#D4E4F3\">\n\n<td>LCODE</td>\n\n<td>GA0040</td>\n\n</tr>\n\n<tr>\n\n<td>METADATA</td>\n\n<td></td>\n\n</tr>\n\n<tr bgcolor=\"#D4E4F3\">\n\n<td>SHAPE_Leng</td>\n\n<td>0.002545</td>\n\n</tr>\n\n</table>\n\n</td>\n\n</tr>\n\n</table>\n\n</body>\n\n</html>\n\n","extrude":false,"altitudeMode":"clampToGround"}},
{"type":"Feature","id":"ID_50009","geometry":{"type":"MultiPolygon","coordinates":[[[[103.2009609191112,-4.030757868880471,0],[103.2005014401894,-4.030872447905097,0],[103.2005205633733,-4.031086470364244,0],[103.20003682434,-4.031095236056274,0],[103.200015204638,-4.030903344113995,0],[103.1997150882808,-4.030943261422351,0],[103.1990569230387,-4.031193902476559,0],[103.198997163988,-4.031081860439485,0],[103.1986930708286,-4.031259502623925,0],[103.1980454546341,-4.031725375725443,0],[103.1974737169385,-4.032211092367959,0],[103.1979442584209,-4.033084430302154,0],[103.1981064799302,-4.033003076730552,0],[103.1982460214368,-4.033436752304226,0],[103.198858948082,-4.033154038727844,0],[103.1996436209564,-4.032914718339555,0],[103.1996238943273,-4.032848294413213,0],[103.2004253674368,-4.032421128132512,0],[103.2003339288678,-4.032236460444267,0],[103.2005546233972,-4.032116432427358,0],[103.2004134640102,-4.031771278022006,0],[103.2008709212561,-4.03153127504828,0],[103.2011712345649,-4.031372170589179,0],[103.2009609191112,-4.030757868880471,0]],[[103.2005896474943,-4.030897663995972,0],[103.2008282412304,-4.030820814229173,0],[103.200862964954,-4.030929535969278,0],[103.2006243712178,-4.031006386635397,0],[103.2005896474943,-4.030897663995972,0]],[[103.2007041473785,-4.031089408449418,0],[103.200793696472,-4.031342343674169,0],[103.2006735857175,-4.031385228745251,0],[103.2005840330268,-4.03113229441982,0],[103.2007041473785,-4.031089408449418,0]]]]},"properties":{"name":"Pagaralam Selatan","description":"<html xmlns:fo=\"http://www.w3.org/1999/XSL/Format\" xmlns:msxsl=\"urn:schemas-microsoft-com:xslt\">\n\n<head>\n\n<META http-equiv=\"Content-Type\" content=\"text/html\">\n\n<meta http-equiv=\"content-type\" content=\"text/html; charset=UTF-8\">\n\n</head>\n\n<body style=\"margin:0px 0px 0px 0px;overflow:auto;background:#FFFFFF;\">\n\n<table style=\"font-family:Arial,Verdana,Times;font-size:12px;text-align:left;width:100%;border-collapse:collapse;padding:3px 3px 3px 3px\">\n\n<tr style=\"text-align:center;font-weight:bold;background:#9CBCE2\">\n\n<td>Pagaralam Selatan</td>\n\n</tr>\n\n<tr>\n\n<td>\n\n<table style=\"font-family:Arial,Verdana,Times;font-size:12px;text-align:left;width:100%;border-spacing:0px; padding:3px 3px 3px 3px\">\n\n<tr>\n\n<td>FID</td>\n\n<td>10</td>\n\n</tr>\n\n<tr bgcolor=\"#D4E4F3\">\n\n<td>NAMOBJ</td>\n\n<td>Pagaralam Selatan</td>\n\n</tr>\n\n<tr>\n\n<td>FCODE</td>\n\n<td></td>\n\n</tr>\n\n<tr bgcolor=\"#D4E4F3\">\n\n<td>REMARK</td>\n\n<td>Permukiman dan Tempat Kegiatan</td>\n\n</tr>\n\n<tr>\n\n<td>SRS_ID</td>\n\n<td></td>\n\n</tr>\n\n<tr bgcolor=\"#D4E4F3\">\n\n<td>LCODE</td>\n\n<td>GA0040</td>\n\n</tr>\n\n<tr>\n\n<td>METADATA</td>\n\n<td></td>\n\n</tr>\n\n<tr bgcolor=\"#D4E4F3\">\n\n<td>SHAPE_Leng</td>\n\n<td>0.012359</td>\n\n</tr>\n\n</table>\n\n</td>\n\n</tr>\n\n</table>\n\n</body>\n\n</html>\n\n","extrude":false,"altitudeMode":"clampToGround"}},
{"type":"Feature","id":"ID_50010","geometry":{"type":"MultiPolygon","coordinates":[[[[103.2029807685477,-4.031223472185445,0],[103.2034394938376,-4.031042735433857,0],[103.2038693751716,-4.030874594586805,0],[103.2043938166214,-4.030701236772586,0],[103.2043235040265,-4.030489939259269,0],[103.2045710918824,-4.030341739079972,0],[103.2048487971343,-4.030174163906509,0],[103.2047468185109,-4.029868304478612,0],[103.2046749536862,-4.029664666491101,0],[103.2046671835437,-4.029656897247946,0],[103.2045454243319,-4.029712237929402,0],[103.2040925806082,-4.02992607512823,0],[103.203434892906,-4.030234187357792,0],[103.2029838586183,-4.030464621544979,0],[103.2023499885612,-4.030780353730279,0],[103.2025260182612,-4.031193801752522,0],[103.2026075525965,-4.031379351675696,0],[103.2029807685477,-4.031223472185445,0]]]]},"properties":{"name":"Pagaralam Selatan","description":"<html xmlns:fo=\"http://www.w3.org/1999/XSL/Format\" xmlns:msxsl=\"urn:schemas-microsoft-com:xslt\">\n\n<head>\n\n<META http-equiv=\"Content-Type\" content=\"text/html\">\n\n<meta http-equiv=\"content-type\" content=\"text/html; charset=UTF-8\">\n\n</head>\n\n<body style=\"margin:0px 0px 0px 0px;overflow:auto;background:#FFFFFF;\">\n\n<table style=\"font-family:Arial,Verdana,Times;font-size:12px;text-align:left;width:100%;border-collapse:collapse;padding:3px 3px 3px 3px\">\n\n<tr style=\"text-align:center;font-weight:bold;background:#9CBCE2\">\n\n<td>Pagaralam Selatan</td>\n\n</tr>\n\n<tr>\n\n<td>\n\n<table style=\"font-family:Arial,Verdana,Times;font-size:12px;text-align:left;width:100%;border-spacing:0px; padding:3px 3px 3px 3px\">\n\n<tr>\n\n<td>FID</td>\n\n<td>11</td>\n\n</tr>\n\n<tr bgcolor=\"#D4E4F3\">\n\n<td>NAMOBJ</td>\n\n<td>Pagaralam Selatan</td>\n\n</tr>\n\n<tr>\n\n<td>FCODE</td>\n\n<td></td>\n\n</tr>\n\n<tr bgcolor=\"#D4E4F3\">\n\n<td>REMARK</td>\n\n<td>Permukiman dan Tempat Kegiatan</td>\n\n</tr>\n\n<tr>\n\n<td>SRS_ID</td>\n\n<td></td>\n\n</tr>\n\n<tr bgcolor=\"#D4E4F3\">\n\n<td>LCODE</td>\n\n<td>GA0040</td>\n\n</tr>\n\n<tr>\n\n<td>METADATA</td>\n\n<td></td>\n\n</tr>\n\n<tr bgcolor=\"#D4E4F3\">\n\n<td>SHAPE_Leng</td>\n\n<td>0.006528</td>\n\n</tr>\n\n</table>\n\n</td>\n\n</tr>\n\n</table>\n\n</body>\n\n</html>\n\n","extrude":false,"altitudeMode":"clampToGround"}},
{"type":"Feature","id":"ID_60000","geometry":{"type":"MultiPolygon","coordinates":[[[[103.204756695765,-4.029746408569849,0],[103.2047394476675,-4.029729160472357,0],[103.2046749509882,-4.029664664692461,0],[103.2047468176116,-4.029868303579292,0],[103.204848796235,-4.030174163906509,0],[103.2045710918824,-4.030341738180653,0],[103.2043235040265,-4.030489938359892,0],[103.2043938157221,-4.030701235873266,0],[103.204444840557,-4.030826106739369,0],[103.2049511327886,-4.03058496162663,0],[103.2050381943573,-4.030532274844575,0],[103.2052277255791,-4.030661818587987,0],[103.2054723061021,-4.030749867612258,0],[103.2054705335383,-4.030745782891529,0],[103.204756695765,-4.029746408569849,0]]]]},"properties":{"name":" ","description":"<html xmlns:fo=\"http://www.w3.org/1999/XSL/Format\" xmlns:msxsl=\"urn:schemas-microsoft-com:xslt\">\n\n<head>\n\n<META http-equiv=\"Content-Type\" content=\"text/html\">\n\n<meta http-equiv=\"content-type\" content=\"text/html; charset=UTF-8\">\n\n</head>\n\n<body style=\"margin:0px 0px 0px 0px;overflow:auto;background:#FFFFFF;\">\n\n<table style=\"font-family:Arial,Verdana,Times;font-size:12px;text-align:left;width:100%;border-collapse:collapse;padding:3px 3px 3px 3px\">\n\n<tr style=\"text-align:center;font-weight:bold;background:#9CBCE2\">\n\n<td> </td>\n\n</tr>\n\n<tr>\n\n<td>\n\n<table style=\"font-family:Arial,Verdana,Times;font-size:12px;text-align:left;width:100%;border-spacing:0px; padding:3px 3px 3px 3px\">\n\n<tr>\n\n<td>FID</td>\n\n<td>1</td>\n\n</tr>\n\n<tr bgcolor=\"#D4E4F3\">\n\n<td>NAMOBJ</td>\n\n<td></td>\n\n</tr>\n\n<tr>\n\n<td>JNSSWH</td>\n\n<td>999</td>\n\n</tr>\n\n<tr bgcolor=\"#D4E4F3\">\n\n<td>FCODE</td>\n\n<td></td>\n\n</tr>\n\n<tr>\n\n<td>AQDATE</td>\n\n<td>&lt;Null&gt;</td>\n\n</tr>\n\n<tr bgcolor=\"#D4E4F3\">\n\n<td>PUDATE</td>\n\n<td>&lt;Null&gt;</td>\n\n</tr>\n\n<tr>\n\n<td>REMARK</td>\n\n<td>Sawah</td>\n\n</tr>\n\n<tr bgcolor=\"#D4E4F3\">\n\n<td>KODLCO</td>\n\n<td></td>\n\n</tr>\n\n<tr>\n\n<td>SRS_ID</td>\n\n<td></td>\n\n</tr>\n\n<tr bgcolor=\"#D4E4F3\">\n\n<td>LCODE</td>\n\n<td>FA0060</td>\n\n</tr>\n\n<tr>\n\n<td>METADATA</td>\n\n<td></td>\n\n</tr>\n\n<tr bgcolor=\"#D4E4F3\">\n\n<td>TNMSWH</td>\n\n<td>0</td>\n\n</tr>\n\n<tr>\n\n<td>SHAPE_Leng</td>\n\n<td>0.580831</td>\n\n</tr>\n\n</table>\n\n</td>\n\n</tr>\n\n</table>\n\n</body>\n\n</html>\n\n","extrude":false,"altitudeMode":"clampToGround"}},
{"type":"Feature","id":"ID_60001","geometry":{"type":"MultiPolygon","coordinates":[[[[103.201095269731,-4.027177994268982,0],[103.2010389263054,-4.026926813621515,0],[103.2009884455604,-4.02670176097746,0],[103.200982870663,-4.026676903716066,0],[103.2009717874181,-4.026629237849022,0],[103.2008252797629,-4.026617984632253,0],[103.2005766684785,-4.026555718271709,0],[103.2003164694296,-4.026440529506772,0],[103.200152725368,-4.026378452903259,0],[103.2000525274023,-4.026328072882222,0],[103.1998585508315,-4.026551442894743,0],[103.1997327644556,-4.02663051038968,0],[103.1995139315228,-4.026642232153222,0],[103.1994949252506,-4.026642328380717,0],[103.1993937829968,-4.026742075786103,0],[103.1991789745301,-4.026782371709032,0],[103.1990120594591,-4.026831959427341,0],[103.1988625534642,-4.026949180660097,0],[103.1985436322828,-4.027277544722836,0],[103.1981380344428,-4.02750901672772,0],[103.1976970105087,-4.027614466734178,0],[103.1973904433144,-4.027656979485982,0],[103.1971078376566,-4.027694583738025,0],[103.1967829656614,-4.027724092292999,0],[103.196531271501,-4.027672164538728,0],[103.1962658734714,-4.027471125591944,0],[103.1959362899279,-4.027283257216482,0],[103.1955850102401,-4.02727469297264,0],[103.1952861403432,-4.02735474072864,0],[103.1950112895394,-4.027522598289238,0],[103.194706693659,-4.02764368660678,0],[103.1942581298089,-4.027664345832875,0],[103.1940787384431,-4.027817910468173,0],[103.1939433661935,-4.028184531690727,0],[103.1938209855501,-4.028410888351743,0],[103.1934086005265,-4.028666672628788,0],[103.1931989307861,-4.028910642512074,0],[103.1930531920513,-4.029299683833301,0],[103.1930392435663,-4.029703014482493,0],[103.193024286042,-4.03014884259494,0],[103.1934718975101,-4.030212702554138,0],[103.1939944980477,-4.030195699971557,0],[103.1941299080689,-4.030181554535091,0],[103.1944107600486,-4.030152218649903,0],[103.1944819135095,-4.030017039754512,0],[103.194527695297,-4.029827594867584,0],[103.194517918767,-4.029614507703343,0],[103.1944848461987,-4.02935288232959,0],[103.1944706000382,-4.029177997466547,0],[103.1945082942225,-4.028899278678693,0],[103.1949132769262,-4.028670710584777,0],[103.1951661662856,-4.028551632252004,0],[103.1952624270194,-4.028411263369037,0],[103.1953753198152,-4.028307193821888,0],[103.1958218880698,-4.028178878552353,0],[103.1961029828664,-4.028107498462248,0],[103.1962199127188,-4.028165069462318,0],[103.1963205063863,-4.028329864831335,0],[103.1963391996944,-4.028431456746262,0],[103.1965266094156,-4.028427435877404,0],[103.1967898949378,-4.028470494517649,0],[103.1970314195644,-4.028425484348588,0],[103.1973066354929,-4.028365846706436,0],[103.197615075975,-4.028258384916455,0],[103.1980120142431,-4.028242862617958,0],[103.1985032185488,-4.028277933479785,0],[103.199068423569,-4.028405380903564,0],[103.1993979234754,-4.028483128193784,0],[103.1994482063697,-4.02862921136898,0],[103.199561988595,-4.02878815754741,0],[103.1997870106621,-4.028931193819517,0],[103.1998992874222,-4.029110707493089,0],[103.1999856843919,-4.0291907759335,0],[103.2000086674661,-4.029195243765457,0],[103.2003975199297,-4.029185028366328,0],[103.200518786313,-4.029215752804703,0],[103.200728175465,-4.029302065238085,0],[103.2009761365395,-4.02940230727063,0],[103.2012683667418,-4.029438953744659,0],[103.2015469722151,-4.029398038188845,0],[103.2015876872221,-4.029373252873256,0],[103.2015644595322,-4.029269704033595,0],[103.2015418289923,-4.029168809992541,0],[103.2014838416061,-4.028910297172445,0],[103.201095269731,-4.027177994268982,0]]]]},"properties":{"name":" ","description":"<html xmlns:fo=\"http://www.w3.org/1999/XSL/Format\" xmlns:msxsl=\"urn:schemas-microsoft-com:xslt\">\n\n<head>\n\n<META http-equiv=\"Content-Type\" content=\"text/html\">\n\n<meta http-equiv=\"content-type\" content=\"text/html; charset=UTF-8\">\n\n</head>\n\n<body style=\"margin:0px 0px 0px 0px;overflow:auto;background:#FFFFFF;\">\n\n<table style=\"font-family:Arial,Verdana,Times;font-size:12px;text-align:left;width:100%;border-collapse:collapse;padding:3px 3px 3px 3px\">\n\n<tr style=\"text-align:center;font-weight:bold;background:#9CBCE2\">\n\n<td> </td>\n\n</tr>\n\n<tr>\n\n<td>\n\n<table style=\"font-family:Arial,Verdana,Times;font-size:12px;text-align:left;width:100%;border-spacing:0px; padding:3px 3px 3px 3px\">\n\n<tr>\n\n<td>FID</td>\n\n<td>2</td>\n\n</tr>\n\n<tr bgcolor=\"#D4E4F3\">\n\n<td>NAMOBJ</td>\n\n<td></td>\n\n</tr>\n\n<tr>\n\n<td>JNSSWH</td>\n\n<td>999</td>\n\n</tr>\n\n<tr bgcolor=\"#D4E4F3\">\n\n<td>FCODE</td>\n\n<td></td>\n\n</tr>\n\n<tr>\n\n<td>AQDATE</td>\n\n<td>&lt;Null&gt;</td>\n\n</tr>\n\n<tr bgcolor=\"#D4E4F3\">\n\n<td>PUDATE</td>\n\n<td>&lt;Null&gt;</td>\n\n</tr>\n\n<tr>\n\n<td>REMARK</td>\n\n<td>Sawah</td>\n\n</tr>\n\n<tr bgcolor=\"#D4E4F3\">\n\n<td>KODLCO</td>\n\n<td></td>\n\n</tr>\n\n<tr>\n\n<td>SRS_ID</td>\n\n<td></td>\n\n</tr>\n\n<tr bgcolor=\"#D4E4F3\">\n\n<td>LCODE</td>\n\n<td>FA0060</td>\n\n</tr>\n\n<tr>\n\n<td>METADATA</td>\n\n<td></td>\n\n</tr>\n\n<tr bgcolor=\"#D4E4F3\">\n\n<td>TNMSWH</td>\n\n<td>0</td>\n\n</tr>\n\n<tr>\n\n<td>SHAPE_Leng</td>\n\n<td>0.028555</td>\n\n</tr>\n\n</table>\n\n</td>\n\n</tr>\n\n</table>\n\n</body>\n\n</html>\n\n","extrude":false,"altitudeMode":"clampToGround"}},
{"type":"Feature","id":"ID_60002","geometry":{"type":"MultiPolygon","coordinates":[[[[103.1980096616167,-4.026251638602218,0],[103.1982683974686,-4.026233113467356,0],[103.198662337397,-4.026148021414031,0],[103.1984754276989,-4.025903440891057,0],[103.1983627372506,-4.025696448432313,0],[103.1983077536,-4.025415667499033,0],[103.1982776685796,-4.025242883452279,0],[103.1979106021926,-4.025311232827107,0],[103.1975934050117,-4.025351601595105,0],[103.1975292293905,-4.025352806686612,0],[103.1974870925553,-4.025353301313771,0],[103.1974267849183,-4.025474961600139,0],[103.1974240869521,-4.025480404297184,0],[103.1974045096105,-4.02549780168215,0],[103.1961332450533,-4.026296906876723,0],[103.1963271325911,-4.026339593197633,0],[103.1964888235005,-4.026336136203668,0],[103.1967666276778,-4.026294724222112,0],[103.1968220537948,-4.026278531029334,0],[103.1968254766145,-4.026643900395641,0],[103.1968757640054,-4.026845630921059,0],[103.1969110093357,-4.026990783297947,0],[103.1969591347563,-4.027115704526068,0],[103.1973176818656,-4.027139893591198,0],[103.1973063126363,-4.026970783274976,0],[103.1973123947513,-4.0268664655149,0],[103.1973345504492,-4.026714700423042,0],[103.1973802414051,-4.026621233882793,0],[103.1974668416215,-4.026500934270643,0],[103.197620602309,-4.026442500820735,0],[103.1977684850276,-4.026400212899432,0],[103.1978870840218,-4.026362270502318,0],[103.1979512227708,-4.026317330480367,0],[103.1980096616167,-4.026251638602218,0]]]]},"properties":{"name":" ","description":"<html xmlns:fo=\"http://www.w3.org/1999/XSL/Format\" xmlns:msxsl=\"urn:schemas-microsoft-com:xslt\">\n\n<head>\n\n<META http-equiv=\"Content-Type\" content=\"text/html\">\n\n<meta http-equiv=\"content-type\" content=\"text/html; charset=UTF-8\">\n\n</head>\n\n<body style=\"margin:0px 0px 0px 0px;overflow:auto;background:#FFFFFF;\">\n\n<table style=\"font-family:Arial,Verdana,Times;font-size:12px;text-align:left;width:100%;border-collapse:collapse;padding:3px 3px 3px 3px\">\n\n<tr style=\"text-align:center;font-weight:bold;background:#9CBCE2\">\n\n<td> </td>\n\n</tr>\n\n<tr>\n\n<td>\n\n<table style=\"font-family:Arial,Verdana,Times;font-size:12px;text-align:left;width:100%;border-spacing:0px; padding:3px 3px 3px 3px\">\n\n<tr>\n\n<td>FID</td>\n\n<td>3</td>\n\n</tr>\n\n<tr bgcolor=\"#D4E4F3\">\n\n<td>NAMOBJ</td>\n\n<td></td>\n\n</tr>\n\n<tr>\n\n<td>JNSSWH</td>\n\n<td>999</td>\n\n</tr>\n\n<tr bgcolor=\"#D4E4F3\">\n\n<td>FCODE</td>\n\n<td></td>\n\n</tr>\n\n<tr>\n\n<td>AQDATE</td>\n\n<td>&lt;Null&gt;</td>\n\n</tr>\n\n<tr bgcolor=\"#D4E4F3\">\n\n<td>PUDATE</td>\n\n<td>&lt;Null&gt;</td>\n\n</tr>\n\n<tr>\n\n<td>REMARK</td>\n\n<td>Sawah</td>\n\n</tr>\n\n<tr bgcolor=\"#D4E4F3\">\n\n<td>KODLCO</td>\n\n<td></td>\n\n</tr>\n\n<tr>\n\n<td>SRS_ID</td>\n\n<td></td>\n\n</tr>\n\n<tr bgcolor=\"#D4E4F3\">\n\n<td>LCODE</td>\n\n<td>FA0060</td>\n\n</tr>\n\n<tr>\n\n<td>METADATA</td>\n\n<td></td>\n\n</tr>\n\n<tr bgcolor=\"#D4E4F3\">\n\n<td>TNMSWH</td>\n\n<td>0</td>\n\n</tr>\n\n<tr>\n\n<td>SHAPE_Leng</td>\n\n<td>0.008732</td>\n\n</tr>\n\n</table>\n\n</td>\n\n</tr>\n\n</table>\n\n</body>\n\n</html>\n\n","extrude":false,"altitudeMode":"clampToGround"}},
{"type":"Feature","id":"ID_60003","geometry":{"type":"MultiPolygon","coordinates":[[[[103.2009319177739,-4.023776614399196,0],[103.2008966112896,-4.023890957801427,0],[103.2008658787574,-4.024156398998571,0],[103.200869092035,-4.024144403841092,0],[103.2009665182903,-4.023780676636875,0],[103.2009319177739,-4.023776614399196,0]]]]},"properties":{"name":" ","description":"<html xmlns:fo=\"http://www.w3.org/1999/XSL/Format\" xmlns:msxsl=\"urn:schemas-microsoft-com:xslt\">\n\n<head>\n\n<META http-equiv=\"Content-Type\" content=\"text/html\">\n\n<meta http-equiv=\"content-type\" content=\"text/html; charset=UTF-8\">\n\n</head>\n\n<body style=\"margin:0px 0px 0px 0px;overflow:auto;background:#FFFFFF;\">\n\n<table style=\"font-family:Arial,Verdana,Times;font-size:12px;text-align:left;width:100%;border-collapse:collapse;padding:3px 3px 3px 3px\">\n\n<tr style=\"text-align:center;font-weight:bold;background:#9CBCE2\">\n\n<td> </td>\n\n</tr>\n\n<tr>\n\n<td>\n\n<table style=\"font-family:Arial,Verdana,Times;font-size:12px;text-align:left;width:100%;border-spacing:0px; padding:3px 3px 3px 3px\">\n\n<tr>\n\n<td>FID</td>\n\n<td>4</td>\n\n</tr>\n\n<tr bgcolor=\"#D4E4F3\">\n\n<td>NAMOBJ</td>\n\n<td></td>\n\n</tr>\n\n<tr>\n\n<td>JNSSWH</td>\n\n<td>999</td>\n\n</tr>\n\n<tr bgcolor=\"#D4E4F3\">\n\n<td>FCODE</td>\n\n<td></td>\n\n</tr>\n\n<tr>\n\n<td>AQDATE</td>\n\n<td>&lt;Null&gt;</td>\n\n</tr>\n\n<tr bgcolor=\"#D4E4F3\">\n\n<td>PUDATE</td>\n\n<td>&lt;Null&gt;</td>\n\n</tr>\n\n<tr>\n\n<td>REMARK</td>\n\n<td>Sawah</td>\n\n</tr>\n\n<tr bgcolor=\"#D4E4F3\">\n\n<td>KODLCO</td>\n\n<td></td>\n\n</tr>\n\n<tr>\n\n<td>SRS_ID</td>\n\n<td></td>\n\n</tr>\n\n<tr bgcolor=\"#D4E4F3\">\n\n<td>LCODE</td>\n\n<td>FA0060</td>\n\n</tr>\n\n<tr>\n\n<td>METADATA</td>\n\n<td></td>\n\n</tr>\n\n<tr bgcolor=\"#D4E4F3\">\n\n<td>TNMSWH</td>\n\n<td>0</td>\n\n</tr>\n\n<tr>\n\n<td>SHAPE_Leng</td>\n\n<td>0.007165</td>\n\n</tr>\n\n</table>\n\n</td>\n\n</tr>\n\n</table>\n\n</body>\n\n</html>\n\n","extrude":false,"altitudeMode":"clampToGround"}},
{"type":"Feature","id":"ID_60004","geometry":{"type":"MultiPolygon","coordinates":[[[[103.197052566223,-4.023636395703079,0],[103.1970108133984,-4.023669890053327,0],[103.1970303035058,-4.023661894181032,0],[103.1972111436794,-4.023690448555328,0],[103.1973539110542,-4.023728519555505,0],[103.1974721763999,-4.023771883065876,0],[103.1974636103574,-4.023691670733967,0],[103.1974153653269,-4.023670992622158,0],[103.197052566223,-4.023636395703079,0]]]]},"properties":{"name":" ","description":"<html xmlns:fo=\"http://www.w3.org/1999/XSL/Format\" xmlns:msxsl=\"urn:schemas-microsoft-com:xslt\">\n\n<head>\n\n<META http-equiv=\"Content-Type\" content=\"text/html\">\n\n<meta http-equiv=\"content-type\" content=\"text/html; charset=UTF-8\">\n\n</head>\n\n<body style=\"margin:0px 0px 0px 0px;overflow:auto;background:#FFFFFF;\">\n\n<table style=\"font-family:Arial,Verdana,Times;font-size:12px;text-align:left;width:100%;border-collapse:collapse;padding:3px 3px 3px 3px\">\n\n<tr style=\"text-align:center;font-weight:bold;background:#9CBCE2\">\n\n<td> </td>\n\n</tr>\n\n<tr>\n\n<td>\n\n<table style=\"font-family:Arial,Verdana,Times;font-size:12px;text-align:left;width:100%;border-spacing:0px; padding:3px 3px 3px 3px\">\n\n<tr>\n\n<td>FID</td>\n\n<td>5</td>\n\n</tr>\n\n<tr bgcolor=\"#D4E4F3\">\n\n<td>NAMOBJ</td>\n\n<td></td>\n\n</tr>\n\n<tr>\n\n<td>JNSSWH</td>\n\n<td>999</td>\n\n</tr>\n\n<tr bgcolor=\"#D4E4F3\">\n\n<td>FCODE</td>\n\n<td></td>\n\n</tr>\n\n<tr>\n\n<td>AQDATE</td>\n\n<td>&lt;Null&gt;</td>\n\n</tr>\n\n<tr bgcolor=\"#D4E4F3\">\n\n<td>PUDATE</td>\n\n<td>&lt;Null&gt;</td>\n\n</tr>\n\n<tr>\n\n<td>REMARK</td>\n\n<td>Sawah</td>\n\n</tr>\n\n<tr bgcolor=\"#D4E4F3\">\n\n<td>KODLCO</td>\n\n<td></td>\n\n</tr>\n\n<tr>\n\n<td>SRS_ID</td>\n\n<td></td>\n\n</tr>\n\n<tr bgcolor=\"#D4E4F3\">\n\n<td>LCODE</td>\n\n<td>FA0060</td>\n\n</tr>\n\n<tr>\n\n<td>METADATA</td>\n\n<td></td>\n\n</tr>\n\n<tr bgcolor=\"#D4E4F3\">\n\n<td>TNMSWH</td>\n\n<td>0</td>\n\n</tr>\n\n<tr>\n\n<td>SHAPE_Leng</td>\n\n<td>0.010151</td>\n\n</tr>\n\n</table>\n\n</td>\n\n</tr>\n\n</table>\n\n</body>\n\n</html>\n\n","extrude":false,"altitudeMode":"clampToGround"}},
{"type":"Feature","id":"ID_60005","geometry":{"type":"MultiPolygon","coordinates":[[[[103.1909462144963,-4.022514073265825,0],[103.1910027494774,-4.022414742246497,0],[103.1906517539753,-4.022377264798877,0],[103.1902298505273,-4.022362452964785,0],[103.1899024316519,-4.022413024541379,0],[103.1896475332072,-4.022441731800427,0],[103.1891105084433,-4.022474061528669,0],[103.1888318346215,-4.022500235397501,0],[103.1889361065162,-4.022719353415368,0],[103.1891296028489,-4.023001070542932,0],[103.189517646822,-4.023088483746506,0],[103.1899990575105,-4.023219379170939,0],[103.1900429129501,-4.023513764148845,0],[103.1903427613095,-4.023574329891346,0],[103.1909462144963,-4.022514073265825,0]]]]},"properties":{"name":" ","description":"<html xmlns:fo=\"http://www.w3.org/1999/XSL/Format\" xmlns:msxsl=\"urn:schemas-microsoft-com:xslt\">\n\n<head>\n\n<META http-equiv=\"Content-Type\" content=\"text/html\">\n\n<meta http-equiv=\"content-type\" content=\"text/html; charset=UTF-8\">\n\n</head>\n\n<body style=\"margin:0px 0px 0px 0px;overflow:auto;background:#FFFFFF;\">\n\n<table style=\"font-family:Arial,Verdana,Times;font-size:12px;text-align:left;width:100%;border-collapse:collapse;padding:3px 3px 3px 3px\">\n\n<tr style=\"text-align:center;font-weight:bold;background:#9CBCE2\">\n\n<td> </td>\n\n</tr>\n\n<tr>\n\n<td>\n\n<table style=\"font-family:Arial,Verdana,Times;font-size:12px;text-align:left;width:100%;border-spacing:0px; padding:3px 3px 3px 3px\">\n\n<tr>\n\n<td>FID</td>\n\n<td>6</td>\n\n</tr>\n\n<tr bgcolor=\"#D4E4F3\">\n\n<td>NAMOBJ</td>\n\n<td></td>\n\n</tr>\n\n<tr>\n\n<td>JNSSWH</td>\n\n<td>999</td>\n\n</tr>\n\n<tr bgcolor=\"#D4E4F3\">\n\n<td>FCODE</td>\n\n<td></td>\n\n</tr>\n\n<tr>\n\n<td>AQDATE</td>\n\n<td>&lt;Null&gt;</td>\n\n</tr>\n\n<tr bgcolor=\"#D4E4F3\">\n\n<td>PUDATE</td>\n\n<td>&lt;Null&gt;</td>\n\n</tr>\n\n<tr>\n\n<td>REMARK</td>\n\n<td>Sawah</td>\n\n</tr>\n\n<tr bgcolor=\"#D4E4F3\">\n\n<td>KODLCO</td>\n\n<td></td>\n\n</tr>\n\n<tr>\n\n<td>SRS_ID</td>\n\n<td></td>\n\n</tr>\n\n<tr bgcolor=\"#D4E4F3\">\n\n<td>LCODE</td>\n\n<td>FA0060</td>\n\n</tr>\n\n<tr>\n\n<td>METADATA</td>\n\n<td></td>\n\n</tr>\n\n<tr bgcolor=\"#D4E4F3\">\n\n<td>TNMSWH</td>\n\n<td>0</td>\n\n</tr>\n\n<tr>\n\n<td>SHAPE_Leng</td>\n\n<td>0.014605</td>\n\n</tr>\n\n</table>\n\n</td>\n\n</tr>\n\n</table>\n\n</body>\n\n</html>\n\n","extrude":false,"altitudeMode":"clampToGround"}},
{"type":"Feature","id":"ID_60006","geometry":{"type":"MultiPolygon","coordinates":[[[[103.2009319177739,-4.023776614399196,0],[103.2009664238614,-4.023664861943757,0],[103.2010318369498,-4.023490270259742,0],[103.2011168255811,-4.023381217569067,0],[103.2011395289662,-4.023353444705663,0],[103.2011783185246,-4.023272630727263,0],[103.2012102237729,-4.023196858348285,0],[103.2012165010407,-4.023181951186075,0],[103.2012925333238,-4.023001372715157,0],[103.2011705249998,-4.022301850350061,0],[103.2010842098684,-4.021806984904401,0],[103.2010077315217,-4.021758249743357,0],[103.2009957957195,-4.021752923958218,0],[103.2006215266622,-4.021659356693931,0],[103.2005221902469,-4.021596811543589,0],[103.2003936087781,-4.021556890637953,0],[103.2002478952243,-4.021447986335431,0],[103.2000259218589,-4.021657026550486,0],[103.1999229629744,-4.021469574561195,0],[103.1996828925515,-4.021517239528919,0],[103.1994919790716,-4.021034857572545,0],[103.1999703572462,-4.020824397327999,0],[103.1999505173026,-4.020759919534612,0],[103.1999133815974,-4.020633945200359,0],[103.1997848918593,-4.020538766350967,0],[103.1996628394685,-4.020524683866995,0],[103.1995374263112,-4.02051021377531,0],[103.1994998517368,-4.020503950896568,0],[103.1994311884986,-4.020600731438549,0],[103.1993861774302,-4.020727081689415,0],[103.1993377813136,-4.020885867788536,0],[103.1992422805069,-4.020992971648297,0],[103.1991136720584,-4.021087523670246,0],[103.1990537475325,-4.021214671619759,0],[103.1991209187954,-4.021560059848809,0],[103.1991009043833,-4.021619911529626,0],[103.1987087675956,-4.021758803725788,0],[103.1981775209759,-4.021869100178776,0],[103.1980133245553,-4.021947767475467,0],[103.1979625884028,-4.022039996548529,0],[103.1980421864978,-4.022384580783751,0],[103.1981602342075,-4.022949702166954,0],[103.1982354669933,-4.023018917588956,0],[103.1984209503667,-4.023054269039221,0],[103.1986071927678,-4.023122064431675,0],[103.1986227636297,-4.023198634509356,0],[103.1985970664015,-4.023329131534126,0],[103.1987805559779,-4.023567570586863,0],[103.1991659595415,-4.023609395357255,0],[103.1994796214874,-4.023648241573028,0],[103.1997342150621,-4.023675652009672,0],[103.2000535490321,-4.023694723932294,0],[103.2004755612982,-4.023725326962222,0],[103.2007653156668,-4.023757055943349,0],[103.2009319177739,-4.023776614399196,0]]]]},"properties":{"name":" ","description":"<html xmlns:fo=\"http://www.w3.org/1999/XSL/Format\" xmlns:msxsl=\"urn:schemas-microsoft-com:xslt\">\n\n<head>\n\n<META http-equiv=\"Content-Type\" content=\"text/html\">\n\n<meta http-equiv=\"content-type\" content=\"text/html; charset=UTF-8\">\n\n</head>\n\n<body style=\"margin:0px 0px 0px 0px;overflow:auto;background:#FFFFFF;\">\n\n<table style=\"font-family:Arial,Verdana,Times;font-size:12px;text-align:left;width:100%;border-collapse:collapse;padding:3px 3px 3px 3px\">\n\n<tr style=\"text-align:center;font-weight:bold;background:#9CBCE2\">\n\n<td> </td>\n\n</tr>\n\n<tr>\n\n<td>\n\n<table style=\"font-family:Arial,Verdana,Times;font-size:12px;text-align:left;width:100%;border-spacing:0px; padding:3px 3px 3px 3px\">\n\n<tr>\n\n<td>FID</td>\n\n<td>7</td>\n\n</tr>\n\n<tr bgcolor=\"#D4E4F3\">\n\n<td>NAMOBJ</td>\n\n<td></td>\n\n</tr>\n\n<tr>\n\n<td>JNSSWH</td>\n\n<td>999</td>\n\n</tr>\n\n<tr bgcolor=\"#D4E4F3\">\n\n<td>FCODE</td>\n\n<td></td>\n\n</tr>\n\n<tr>\n\n<td>AQDATE</td>\n\n<td>&lt;Null&gt;</td>\n\n</tr>\n\n<tr bgcolor=\"#D4E4F3\">\n\n<td>PUDATE</td>\n\n<td>&lt;Null&gt;</td>\n\n</tr>\n\n<tr>\n\n<td>REMARK</td>\n\n<td>Sawah</td>\n\n</tr>\n\n<tr bgcolor=\"#D4E4F3\">\n\n<td>KODLCO</td>\n\n<td></td>\n\n</tr>\n\n<tr>\n\n<td>SRS_ID</td>\n\n<td></td>\n\n</tr>\n\n<tr bgcolor=\"#D4E4F3\">\n\n<td>LCODE</td>\n\n<td>FA0060</td>\n\n</tr>\n\n<tr>\n\n<td>METADATA</td>\n\n<td></td>\n\n</tr>\n\n<tr bgcolor=\"#D4E4F3\">\n\n<td>TNMSWH</td>\n\n<td>0</td>\n\n</tr>\n\n<tr>\n\n<td>SHAPE_Leng</td>\n\n<td>0.012224</td>\n\n</tr>\n\n</table>\n\n</td>\n\n</tr>\n\n</table>\n\n</body>\n\n</html>\n\n","extrude":false,"altitudeMode":"clampToGround"}},
{"type":"Feature","id":"ID_60007","geometry":{"type":"MultiPolygon","coordinates":[[[[103.1684071463728,-4.012989413730395,0],[103.1682672784122,-4.012947554785796,0],[103.1681134259939,-4.012919648822674,0],[103.1681020279863,-4.012917641535864,0],[103.1678756506408,-4.012877787180059,0],[103.1677357826803,-4.012863833299207,0],[103.1673161814966,-4.012780114510633,0],[103.1670084757606,-4.012766157931821,0],[103.166899501311,-4.01276832709658,0],[103.1670289785046,-4.013307188276087,0],[103.1670448425455,-4.013667936026366,0],[103.167048756395,-4.014259865300517,0],[103.1678356442996,-4.01414208648805,0],[103.1678948835421,-4.014319194475206,0],[103.1678420052044,-4.014645185227096,0],[103.167702980808,-4.01523116368719,0],[103.1674718712299,-4.015763847423557,0],[103.1670357566949,-4.016224165412837,0],[103.1665861172556,-4.016490243329997,0],[103.1664624406891,-4.016678016377284,0],[103.1663075675403,-4.017003232812897,0],[103.1663051789409,-4.01701276382795,0],[103.1661673677299,-4.017562505005571,0],[103.1661619789922,-4.01786701455103,0],[103.1660658270763,-4.018431219525098,0],[103.1660152869759,-4.018773879211096,0],[103.1659568652172,-4.019110267025155,0],[103.1656204549201,-4.019185806479754,0],[103.1652530216097,-4.019286703218711,0],[103.1649292045192,-4.019391930193365,0],[103.1646137403319,-4.019533923251913,0],[103.1643052153135,-4.019718303157106,0],[103.1639531613094,-4.019867276753359,0],[103.1636265707097,-4.019952720441665,0],[103.1632859560821,-4.020015527294674,0],[103.1630088192017,-4.02000642435695,0],[103.1627316823214,-4.019997321419225,0],[103.1624207785961,-4.01998531636923,0],[103.1621365973261,-4.019981853979345,0],[103.1617510822467,-4.019990875978124,0],[103.1614429367422,-4.020009953296665,0],[103.161151628345,-4.020044614966935,0],[103.1608040017034,-4.020098931320604,0],[103.1604380297913,-4.020178635535558,0],[103.1600944698839,-4.020302188894846,0],[103.1597946026388,-4.020391931342488,0],[103.1595630496951,-4.02044509656389,0],[103.1593314967512,-4.020498260885972,0],[103.1589501284457,-4.020541199017089,0],[103.1585885605137,-4.020540380634031,0],[103.1582791334753,-4.020500119784629,0],[103.1578670650131,-4.020429959175203,0],[103.157553469617,-4.020369905146936,0],[103.1572046819506,-4.020315431411973,0],[103.1569219126162,-4.020304898552183,0],[103.1565814023099,-4.020325322155827,0],[103.1562873275981,-4.020341610676724,0],[103.1559803925811,-4.020442639616078,0],[103.1557690465044,-4.020583444670194,0],[103.1555744547973,-4.020777971626046,0],[103.1554388424287,-4.021022092595445,0],[103.1554838067324,-4.021428025882642,0],[103.1555087332415,-4.021781006188462,0],[103.1549314332391,-4.022219040776065,0],[103.1554988092227,-4.022479622036883,0],[103.1561051915015,-4.022659593465391,0],[103.1567730334488,-4.022870001549279,0],[103.1573914594484,-4.022897521703214,0],[103.1581228259078,-4.022891586177707,0],[103.1585253129929,-4.022879727717225,0],[103.1588811747265,-4.022860170160698,0],[103.1593365518405,-4.022855649268763,0],[103.1597900718544,-4.022860374306788,0],[103.1604594228641,-4.022804498528728,0],[103.1610365403042,-4.022774327173408,0],[103.161760806616,-4.022765639722422,0],[103.1620266237298,-4.022745090213675,0],[103.1625078707417,-4.022712858511568,0],[103.1629116654411,-4.022695251584537,0],[103.163634488341,-4.022637641014285,0],[103.1641187255988,-4.022602975746679,0],[103.1644771333131,-4.022582152844052,0],[103.1649196222428,-4.022572046262894,0],[103.1652699810249,-4.022541361394644,0],[103.1657678187299,-4.022511008376284,0],[103.1662068425718,-4.022526181737874,0],[103.1663787156053,-4.022387142952255,0],[103.1665560115508,-4.022248237266297,0],[103.1667534559073,-4.022087278405138,0],[103.1669182620682,-4.021973319912718,0],[103.1670331864325,-4.021918818298786,0],[103.1672285164829,-4.02184527533916,0],[103.1673453285242,-4.021801349752423,0],[103.1674962869242,-4.021755600340612,0],[103.167670791374,-4.021733388884741,0],[103.1678805402548,-4.021678758667747,0],[103.1680382399729,-4.021622599603234,0],[103.1682072099948,-4.021559403343758,0],[103.1683649465851,-4.021486290260043,0],[103.168552269072,-4.02139770074325,0],[103.1686846519752,-4.021335833681746,0],[103.1688325373917,-4.021262697215661,0],[103.1690127975027,-4.021183983154231,0],[103.16915228505,-4.021093875581869,0],[103.1693453488089,-4.020950193596491,0],[103.1694975275889,-4.020845989151042,0],[103.1696483313055,-4.020727649161643,0],[103.1697667855088,-4.020604996023678,0],[103.1699289683473,-4.020431576156284,0],[103.1700670988176,-4.020316037555062,0],[103.1702079650256,-4.020237234460751,0],[103.1703291019066,-4.020175341318918,0],[103.1704319348859,-4.020116228880795,0],[103.1705081065639,-4.020028807583344,0],[103.1706294673761,-4.019862358361081,0],[103.1706901428359,-4.019783375402426,0],[103.1707620724118,-4.019704417624723,0],[103.1708324884286,-4.01967066786699,0],[103.1709521360323,-4.019642678266962,0],[103.1710984152597,-4.019659961438037,0],[103.1712530392964,-4.019722476011395,0],[103.1713570270052,-4.019776402958598,0],[103.1715059313537,-4.019879873557272,0],[103.1716477454472,-4.020005933327127,0],[103.1717811895503,-4.02010230737551,0],[103.171896430476,-4.020156259503722,0],[103.1720327685974,-4.020218731808995,0],[103.1721424337264,-4.020250056994485,0],[103.1723267236994,-4.020257541152546,0],[103.1724632569738,-4.020228171992471,0],[103.1726180662708,-4.020207333801352,0],[103.1727601150873,-4.020228837490833,0],[103.1729007312838,-4.020261652852923,0],[103.1730385505887,-4.020285978614993,0],[103.1731538859431,-4.020301781501985,0],[103.1732664918552,-4.020278017816224,0],[103.1734003154722,-4.020203438837598,0],[103.1735285830777,-4.020093518301167,0],[103.1736484105458,-4.01998782188042,0],[103.1737738803603,-4.019872253601591,0],[103.1739331637846,-4.01973556654309,0],[103.1740726522312,-4.019644036243221,0],[103.1742360176781,-4.019570934850719,0],[103.1744288799889,-4.019517683294396,0],[103.1746062568733,-4.019471459939894,0],[103.1747906358792,-4.019435134523803,0],[103.1749961822281,-4.019374839477223,0],[103.1751229407711,-4.019311547889572,0],[103.1752919476653,-4.019231396711518,0],[103.17545810191,-4.019171013531377,0],[103.1756368835354,-4.019124792874834,0],[103.1757177928419,-4.018899494715868,0],[103.1755427712819,-4.018574041758598,0],[103.1754989194396,-4.018092205690721,0],[103.1751813553353,-4.017671248329407,0],[103.1748618630846,-4.017426249621678,0],[103.1744984290593,-4.01733090799496,0],[103.1746746593082,-4.017164580181202,0],[103.1748115846869,-4.016962855951022,0],[103.1748850152313,-4.016840098491684,0],[103.174966787887,-4.016761162297769,0],[103.175083643995,-4.016724685795566,0],[103.1752552733122,-4.016727900871899,0],[103.1754311366377,-4.016731115948176,0],[103.1757252725034,-4.016687983563543,0],[103.1759377859001,-4.016657371540418,0],[103.1761361898334,-4.016642272822594,0],[103.1763289918895,-4.016615866928646,0],[103.1764979034555,-4.016578095402735,0],[103.1768314745929,-4.016516676203594,0],[103.1771551657783,-4.016472189439924,0],[103.1774295615251,-4.016450197418635,0],[103.1777855545598,-4.016428389758346,0],[103.178099323525,-4.016416377513792,0],[103.1784215784931,-4.016381770702083,0],[103.1787312159729,-4.016328778150523,0],[103.1790241008816,-4.016216404263616,0],[103.1793001288979,-4.016092690824962,0],[103.1795916962998,-4.015940752163942,0],[103.179841013552,-4.015807086827522,0],[103.1800551861979,-4.015660627735713,0],[103.1802046571193,-4.015533075990618,0],[103.1799633258469,-4.015568739505682,0],[103.1798582940251,-4.015490053323276,0],[103.1791168506622,-4.01493459335677,0],[103.179088874552,-4.01493459335677,0],[103.1788091269397,-4.014795069836566,0],[103.178683240739,-4.014739260608337,0],[103.1782636215689,-4.014571833823027,0],[103.1780678004886,-4.014488119531052,0],[103.1779394600381,-4.014442397998209,0],[103.1778719803077,-4.01441835822061,0],[103.1775937804287,-4.014318456131775,0],[103.1773825062977,-4.014291350565315,0],[103.177092885928,-4.014198869682048,0],[103.176988587953,-4.014140679049035,0],[103.176445307505,-4.01398584187308,0],[103.1760222655152,-4.01392998947739,0],[103.1757976526396,-4.013965672777545,0],[103.1755330379194,-4.014018772348436,0],[103.1752571996601,-4.014057715690967,0],[103.1749659443229,-4.014068365462663,0],[103.1746887777649,-4.014073395370872,0],[103.1743963694969,-4.013971015649815,0],[103.1740957000566,-4.013786664522911,0],[103.1738652245006,-4.013671709581672,0],[103.1735783380699,-4.013617382436223,0],[103.1732435978138,-4.013574242856976,0],[103.172873652697,-4.013542334910767,0],[103.1728082063337,-4.013525408770533,0],[103.1724870827127,-4.013525405173255,0],[103.1721828330714,-4.013335711174079,0],[103.1719035863815,-4.013233562578819,0],[103.1715577116191,-4.013132480579486,0],[103.1711527415059,-4.013035497689998,0],[103.1709769528242,-4.013004016022478,0],[103.170711112328,-4.012976571411571,0],[103.1706638097871,-4.012971824789815,0],[103.1705289573455,-4.013037045423289,0],[103.170389092083,-4.013092852852822,0],[103.1702300056103,-4.013117906166372,0],[103.1701233424184,-4.013134704602862,0],[103.1692044025612,-4.013087090896477,0],[103.1691764273503,-4.013087090896477,0],[103.1684071463728,-4.012989413730395,0]]]]},"properties":{"name":" ","description":"<html xmlns:fo=\"http://www.w3.org/1999/XSL/Format\" xmlns:msxsl=\"urn:schemas-microsoft-com:xslt\">\n\n<head>\n\n<META http-equiv=\"Content-Type\" content=\"text/html\">\n\n<meta http-equiv=\"content-type\" content=\"text/html; charset=UTF-8\">\n\n</head>\n\n<body style=\"margin:0px 0px 0px 0px;overflow:auto;background:#FFFFFF;\">\n\n<table style=\"font-family:Arial,Verdana,Times;font-size:12px;text-align:left;width:100%;border-collapse:collapse;padding:3px 3px 3px 3px\">\n\n<tr style=\"text-align:center;font-weight:bold;background:#9CBCE2\">\n\n<td> </td>\n\n</tr>\n\n<tr>\n\n<td>\n\n<table style=\"font-family:Arial,Verdana,Times;font-size:12px;text-align:left;width:100%;border-spacing:0px; padding:3px 3px 3px 3px\">\n\n<tr>\n\n<td>FID</td>\n\n<td>8</td>\n\n</tr>\n\n<tr bgcolor=\"#D4E4F3\">\n\n<td>NAMOBJ</td>\n\n<td></td>\n\n</tr>\n\n<tr>\n\n<td>JNSSWH</td>\n\n<td>999</td>\n\n</tr>\n\n<tr bgcolor=\"#D4E4F3\">\n\n<td>FCODE</td>\n\n<td></td>\n\n</tr>\n\n<tr>\n\n<td>AQDATE</td>\n\n<td>&lt;Null&gt;</td>\n\n</tr>\n\n<tr bgcolor=\"#D4E4F3\">\n\n<td>PUDATE</td>\n\n<td>&lt;Null&gt;</td>\n\n</tr>\n\n<tr>\n\n<td>REMARK</td>\n\n<td>Sawah</td>\n\n</tr>\n\n<tr bgcolor=\"#D4E4F3\">\n\n<td>KODLCO</td>\n\n<td></td>\n\n</tr>\n\n<tr>\n\n<td>SRS_ID</td>\n\n<td></td>\n\n</tr>\n\n<tr bgcolor=\"#D4E4F3\">\n\n<td>LCODE</td>\n\n<td>FA0060</td>\n\n</tr>\n\n<tr>\n\n<td>METADATA</td>\n\n<td></td>\n\n</tr>\n\n<tr bgcolor=\"#D4E4F3\">\n\n<td>TNMSWH</td>\n\n<td>0</td>\n\n</tr>\n\n<tr>\n\n<td>SHAPE_Leng</td>\n\n<td>0.06545</td>\n\n</tr>\n\n</table>\n\n</td>\n\n</tr>\n\n</table>\n\n</body>\n\n</html>\n\n","extrude":false,"altitudeMode":"clampToGround"}},
{"type":"Feature","id":"ID_70000","geometry":{"type":"MultiPolygon","coordinates":[[[[103.2009319177739,-4.023776615298516,0],[103.2009665182903,-4.023780677536195,0],[103.2010069985742,-4.023629550063617,0],[103.2010926598984,-4.02345108949612,0],[103.2011395280668,-4.023353445604982,0],[103.2011168255811,-4.023381218468387,0],[103.2010318369498,-4.023490271159062,0],[103.2009664238614,-4.023664861943757,0],[103.2009319177739,-4.023776615298516,0]]],[[[103.2010783813623,-4.0217735714931,0],[103.2010132389698,-4.021757284770842,0],[103.2009957948201,-4.021752923958218,0],[103.2010077315217,-4.021758249743357,0],[103.2010842098684,-4.021806985803721,0],[103.2010783813623,-4.0217735714931,0]]],[[[103.2002360538509,-4.021416652156745,0],[103.2001646683648,-4.021216776932647,0],[103.200116238074,-4.021133122895264,0],[103.2001696551056,-4.021338509164821,0],[103.2002478961236,-4.021447987234751,0],[103.2003936087781,-4.021556891537273,0],[103.2005221902469,-4.021596811543589,0],[103.2002360538509,-4.021416652156745,0]]],[[[103.1775223023125,-4.014292789480578,0],[103.1773698168636,-4.014249329742711,0],[103.1773264857288,-4.014236981151726,0],[103.1772285765376,-4.014209076987242,0],[103.1771993099003,-4.014200735775262,0],[103.1769885852551,-4.014140678149715,0],[103.177092885928,-4.014198869682048,0],[103.1773825062977,-4.014291351464635,0],[103.1775937804287,-4.014318457031095,0],[103.1775223023125,-4.014292789480578,0]]],[[[103.2009319177739,-4.023776615298516,0],[103.2007653156668,-4.023757055943349,0],[103.2004755612982,-4.023725326962222,0],[103.2000535490321,-4.023694723932294,0],[103.1997342150621,-4.023675652009672,0],[103.1994796214874,-4.023648242472348,0],[103.1991659595415,-4.023609396256575,0],[103.1987805559779,-4.023567571486183,0],[103.1985970664015,-4.023329132433446,0],[103.1986227636297,-4.023198635408676,0],[103.1986071927678,-4.023122065330995,0],[103.1984209503667,-4.023054269039221,0],[103.1982354669933,-4.023018918488276,0],[103.1981602351068,-4.022949703066274,0],[103.1980421864978,-4.022384580783751,0],[103.1979625884028,-4.022039997447905,0],[103.1980133245553,-4.021947768374787,0],[103.1981775209759,-4.021869101078096,0],[103.1987087675956,-4.021758803725788,0],[103.1991009043833,-4.021619912428946,0],[103.1991209187954,-4.021560059848809,0],[103.1990537475325,-4.021214672519079,0],[103.1991136720584,-4.021087523670246,0],[103.1992422805069,-4.020992972547617,0],[103.1993377813136,-4.020885867788536,0],[103.1993861774302,-4.020727081689415,0],[103.1994311884986,-4.020600732337869,0],[103.1994998517368,-4.020503951795888,0],[103.1992518915616,-4.020462625249934,0],[103.1992303213223,-4.020455246312508,0],[103.199071051388,-4.020400759087693,0],[103.1989788708782,-4.020336230932287,0],[103.1989758734379,-4.020334133713277,0],[103.1989615975997,-4.020200883863652,0],[103.1990662939743,-4.020072393226314,0],[103.1990874954916,-4.020051778966376,0],[103.1991046914284,-4.020035061468889,0],[103.1992376157235,-4.019905830689481,0],[103.1992385663069,-4.019904244285385,0],[103.1992546317959,-4.019877471468078,0],[103.1992599746682,-4.019868566381206,0],[103.1994232124114,-4.019596500777823,0],[103.1994533639816,-4.019546250259168,0],[103.1994566078362,-4.019540843535026,0],[103.1994660435232,-4.019525117090438,0],[103.1994566078362,-4.019461428002444,0],[103.1994470075734,-4.019396626453101,0],[103.1993963298768,-4.019353949125389,0],[103.1993565888355,-4.019320483553429,0],[103.1991900245001,-4.01921578717878,0],[103.1991841555244,-4.019211644002098,0],[103.1990282229742,-4.019101573278931,0],[103.1989044906498,-4.018958805004786,0],[103.198899163066,-4.01894948083384,0],[103.1987902767499,-4.018758929780745,0],[103.1987188930625,-4.018587608930943,0],[103.1986912937683,-4.0185048128468,0],[103.1986475075765,-4.018373457868734,0],[103.198604677364,-4.018130753331548,0],[103.1985964440707,-4.017964930037465,0],[103.1985905166391,-4.017845592699871,0],[103.1984242346907,-4.017836382742814,0],[103.19732896476,-4.017595886940569,0],[103.1972811460082,-4.017540237791707,0],[103.1972450418253,-4.01749822236502,0],[103.1970044848691,-4.01734035807101,0],[103.1967135335028,-4.017149423906744,0],[103.1966575875776,-4.017135472723851,0],[103.196472128486,-4.016995600266682,0],[103.1962704537185,-4.016843495231058,0],[103.1960841213851,-4.016702964470198,0],[103.1960421626158,-4.016689012387985,0],[103.195608570679,-4.016437881203217,0],[103.1954267430498,-4.016312314261825,0],[103.195244910924,-4.015991416370696,0],[103.1951050429634,-4.015879801511574,0],[103.1950490943403,-4.015837945264934,0],[103.1947541589773,-4.015752955734285,0],[103.1944196957124,-4.015656578088567,0],[103.1943217883199,-4.015642626905674,0],[103.1940980055186,-4.015740296877141,0],[103.1939021925322,-4.015740301373739,0],[103.1935559877187,-4.015709834141489,0],[103.19342664992,-4.015698452321658,0],[103.1932588094465,-4.015684502038084,0],[103.1929790807201,-4.015616860429702,0],[103.1927972494935,-4.015572890776241,0],[103.1924335933357,-4.01536361314021,0],[103.1920559527201,-4.015182237869908,0],[103.1920000058956,-4.015168285787695,0],[103.1916967715888,-4.015109471924518,0],[103.1914964826766,-4.015070624809425,0],[103.1913426275603,-4.015014818279212,0],[103.1910628925385,-4.015014820077852,0],[103.1909509988895,-4.015014820977171,0],[103.1907519060757,-4.01504319548701,0],[103.1905593675208,-4.015070633802679,0],[103.1903099018805,-4.014970498789467,0],[103.1898536029615,-4.014787341962233,0],[103.1898116414941,-4.014731534532643,0],[103.1895738679397,-4.014508301217063,0],[103.189070348318,-4.014312975663245,0],[103.1888046013513,-4.014061839082558,0],[103.1884689213038,-4.013796750419658,0],[103.1882296755591,-4.013723318975963,0],[103.1881052705419,-4.013685134661216,0],[103.187736838984,-4.013857881835747,0],[103.1876291550615,-4.013908372473338,0],[103.1867857708467,-4.014288327044596,0],[103.1867619756847,-4.014299046963401,0],[103.1867619756847,-4.014308367537069,0],[103.1867619756847,-4.014308674205893,0],[103.186761976584,-4.014326951127828,0],[103.186188522982,-4.014452527062417,0],[103.1860766284337,-4.014494384208433,0],[103.1856710180031,-4.014647862508809,0],[103.1855218483547,-4.014663124903223,0],[103.1854647135258,-4.01466897049653,0],[103.1851255405114,-4.014703675334317,0],[103.1850276349175,-4.014703675334317,0],[103.1845800639189,-4.014592060475138,0],[103.1845520905067,-4.014578107493605,0],[103.1842303985142,-4.014536253045605,0],[103.1841464809754,-4.014564158109351,0],[103.1838247907816,-4.014773443839317,0],[103.1836849255189,-4.014857158131292,0],[103.1836289795938,-4.014899015277308,0],[103.1833912087374,-4.015038537898135,0],[103.1833352628122,-4.015052490879725,0],[103.1830835048,-4.0151362051717,0],[103.183013571719,-4.015150158153233,0],[103.1827664335241,-4.015193302229079,0],[103.1825391100919,-4.01523298751232,0],[103.1824541088701,-4.01524782632606,0],[103.1822303215721,-4.01526178020697,0],[103.1818526836545,-4.015303638252249,0],[103.1817407909048,-4.015303639151568,0],[103.1812512557409,-4.015401307324453,0],[103.1808305124183,-4.01544317166497,0],[103.1805344996675,-4.015478604953614,0],[103.180480839819,-4.015485027911666,0],[103.1803409709591,-4.015512932076092,0],[103.18020465622,-4.015533076889938,0],[103.1800551870973,-4.015660627735713,0],[103.179841013552,-4.015807086827522,0],[103.1795916962998,-4.015940753063262,0],[103.1793001288979,-4.016092690824962,0],[103.1790241008816,-4.016216405162936,0],[103.1787312159729,-4.016328779049843,0],[103.1784215784931,-4.016381770702083,0],[103.178099323525,-4.016416378413112,0],[103.1777855545598,-4.016428389758346,0],[103.1774295615251,-4.016450198317955,0],[103.1771551657783,-4.016472190339243,0],[103.1768314745929,-4.016516677102913,0],[103.1764979034555,-4.016578096302055,0],[103.1763289918895,-4.016615866928646,0],[103.1761361898334,-4.016642272822594,0],[103.1759377859001,-4.016657372439738,0],[103.1757252725034,-4.016687984462862,0],[103.1754311366377,-4.016731115948176,0],[103.1752552733122,-4.016727900871899,0],[103.175083643995,-4.016724685795566,0],[103.174966787887,-4.016761163197089,0],[103.1748850161306,-4.016840099391004,0],[103.1748115846869,-4.016962855951022,0],[103.1746746593082,-4.017164581080522,0],[103.1744984290593,-4.01733090799496,0],[103.1748618630846,-4.017426250520998,0],[103.1751813553353,-4.017671249228727,0],[103.1754989194396,-4.018092205690721,0],[103.1755427712819,-4.018574041758598,0],[103.1757177928419,-4.018899494715868,0],[103.1756368835354,-4.019124792874834,0],[103.17545810191,-4.019171014430697,0],[103.1752919476653,-4.019231396711518,0],[103.1751229407711,-4.019311547889572,0],[103.1749961831274,-4.019374840376543,0],[103.1747906358792,-4.019435135423123,0],[103.1746062568733,-4.019471459939894,0],[103.1744288799889,-4.019517684193715,0],[103.1742360176781,-4.019570934850719,0],[103.1740726531305,-4.019644037142541,0],[103.1739331637846,-4.01973556744241,0],[103.1737738803603,-4.01987225450091,0],[103.1736484105458,-4.01998782188042,0],[103.1735285830777,-4.020093519200486,0],[103.1734003154722,-4.020203438837598,0],[103.1732664918552,-4.020278017816224,0],[103.1731538859431,-4.020301782401305,0],[103.1730385505887,-4.020285979514313,0],[103.1729007312838,-4.020261652852923,0],[103.1727601150873,-4.020228838390153,0],[103.1726180662708,-4.020207333801352,0],[103.1724632569738,-4.020228171992471,0],[103.1723267236994,-4.020257542051866,0],[103.1721424337264,-4.020250056994485,0],[103.1720327685974,-4.020218731808995,0],[103.171896430476,-4.020156260403041,0],[103.1717811895503,-4.020102308274886,0],[103.1716477454472,-4.020005934226447,0],[103.1715059313537,-4.019879874456592,0],[103.1713570270052,-4.019776402958598,0],[103.1712530392964,-4.019722476011395,0],[103.1710984161591,-4.019659962337357,0],[103.1709521360323,-4.019642679166282,0],[103.1708324884286,-4.01967066786699,0],[103.1707620724118,-4.019704418524043,0],[103.1706901428359,-4.019783376301746,0],[103.1706294673761,-4.019862359260401,0],[103.1705081065639,-4.020028808482664,0],[103.1704319348859,-4.020116228880795,0],[103.1703291019066,-4.020175342218238,0],[103.1702079650256,-4.020237235360071,0],[103.1700670988176,-4.020316038454382,0],[103.1699289683473,-4.020431577055604,0],[103.1697667855088,-4.020604996023678,0],[103.1696483313055,-4.020727650060962,0],[103.1694975275889,-4.020845990050361,0],[103.1693453488089,-4.020950194495811,0],[103.16915228505,-4.021093876481189,0],[103.1690127975027,-4.02118398405355,0],[103.1688325373917,-4.021262698114981,0],[103.1686846519752,-4.021335833681746,0],[103.168552269072,-4.02139770074325,0],[103.1683649465851,-4.021486291159363,0],[103.1682072099948,-4.021559404243078,0],[103.1680382399729,-4.021622600502553,0],[103.1678805411541,-4.021678758667747,0],[103.167670791374,-4.021733388884741,0],[103.1674962869242,-4.021755601239931,0],[103.1673453285242,-4.021801349752423,0],[103.1672285164829,-4.02184527623848,0],[103.1670331864325,-4.021918819198106,0],[103.1669182620682,-4.021973319912718,0],[103.1667534559073,-4.022087279304458,0],[103.1665560115508,-4.022248238165616,0],[103.1663787156053,-4.022387142952255,0],[103.1662068425718,-4.022526181737874,0],[103.1657678187299,-4.022511009275604,0],[103.1652699810249,-4.022541362293964,0],[103.1649196231422,-4.022572047162214,0],[103.1644771333131,-4.022582152844052,0],[103.1641187255988,-4.022602975746679,0],[103.163634488341,-4.022637641014285,0],[103.1629116654411,-4.022695252483857,0],[103.1625078707417,-4.022712859410888,0],[103.1620266237298,-4.022745091112995,0],[103.161760806616,-4.022765639722422,0],[103.1610365403042,-4.022774328072728,0],[103.1604594228641,-4.022804499428048,0],[103.1597900718544,-4.022860375206108,0],[103.1593365518405,-4.022855650168083,0],[103.1588811747265,-4.022860171060017,0],[103.1585253129929,-4.022879727717225,0],[103.1581228259078,-4.022891587077027,0],[103.1573914594484,-4.022897521703214,0],[103.1567730334488,-4.022870002448599,0],[103.1561051915015,-4.022659594364768,0],[103.155498810122,-4.022479622036883,0],[103.1552336836876,-4.023031823759595,0],[103.1550649465901,-4.02323139141555,0],[103.1546899328941,-4.023451911476513,0],[103.1542750801309,-4.023838160402761,0],[103.1541693054691,-4.024126749250058,0],[103.1541454815288,-4.024193155189892,0],[103.1541565135124,-4.024193586864499,0],[103.1543849404127,-4.023993712539777,0],[103.154691879027,-4.023848320943216,0],[103.1549274573363,-4.023736731265103,0],[103.1550611334646,-4.023629790182611,0],[103.155254103694,-4.023475415258133,0],[103.1554985295336,-4.023279873867011,0],[103.1558811937621,-4.023119155124846,0],[103.1562123664077,-4.022980062379929,0],[103.1568050016496,-4.02296454817531,0],[103.1577580015306,-4.022939600082452,0],[103.1587692028365,-4.022913129437313,0],[103.1598680385792,-4.022872206686941,0],[103.1613410327625,-4.022814366789532,0],[103.1643929549709,-4.022694526730959,0],[103.1659992826408,-4.022651307112085,0],[103.1674734810164,-4.022611643412574,0],[103.1690890645088,-4.022568173782133,0],[103.1707603915789,-4.022523204981894,0],[103.1713114979273,-4.022524392986327,0],[103.1713153740054,-4.022524401080204,0],[103.1729685329715,-4.022527964194126,0],[103.1739605553354,-4.022527964194126,0],[103.1742806267496,-4.022538744367523,0],[103.1747794680981,-4.022574376406283,0],[103.1752994453132,-4.022611517507471,0],[103.1756562450398,-4.022637002495628,0],[103.1758527190278,-4.022662287834294,0],[103.1763912978202,-4.022749625494782,0],[103.1768786503295,-4.022828656117554,0],[103.1773747568396,-4.022901044347691,0],[103.1778797396583,-4.022965784743121,0],[103.1782186383795,-4.023291361806855,0],[103.1786981775789,-4.02375204941751,0],[103.1788481808989,-4.023896154084184,0],[103.179177869663,-4.024165287897688,0],[103.179559836917,-4.024477098139528,0],[103.1797869777869,-4.024662517661,0],[103.1821563073677,-4.027108776149078,0],[103.1838457260994,-4.029559621179544,0],[103.1839522669836,-4.029635087789018,0],[103.1839510034361,-4.029601495412635,0],[103.184189267121,-4.029537148920213,0],[103.1842728123405,-4.02932045547459,0],[103.1843655549265,-4.029118612533921,0],[103.1845201537822,-4.028951617423161,0],[103.1845265335728,-4.028944725918336,0],[103.1847594480901,-4.028795099414253,0],[103.1852574746528,-4.028959336304297,0],[103.1852264795185,-4.029228112187582,0],[103.1853843555037,-4.029235239314801,0],[103.1855300195948,-4.02926318035145,0],[103.1857856383966,-4.029095419018347,0],[103.1858499893856,-4.028633716073102,0],[103.1861013921656,-4.02850363543439,0],[103.1864460024811,-4.028635047969033,0],[103.1866644945708,-4.029021391324079,0],[103.1869443186255,-4.028974470994967,0],[103.1871400434783,-4.029455401445546,0],[103.1868903026454,-4.029518646268457,0],[103.1868045450938,-4.029307297493744,0],[103.1866061798314,-4.029396482361733,0],[103.1865072148362,-4.029001291476391,0],[103.186293695098,-4.029102594708945,0],[103.186395630554,-4.029522097866504,0],[103.1860352146535,-4.029695990777327,0],[103.1856291815416,-4.029976119702098,0],[103.1856111051684,-4.030063845869734,0],[103.1855891922875,-4.030272257458648,0],[103.1861822394189,-4.030247758127473,0],[103.1868736238188,-4.03021892046678,0],[103.1868467098079,-4.030759665725952,0],[103.187125007713,-4.030780035370299,0],[103.1871134820017,-4.030520241016291,0],[103.1873012928205,-4.030415841417891,0],[103.1877083223812,-4.031051741244823,0],[103.1875278536276,-4.031256418848614,0],[103.1870229373587,-4.031103379417402,0],[103.186992373899,-4.031243069312154,0],[103.1868079085582,-4.031203160097732,0],[103.1867971706529,-4.031460761904611,0],[103.186797117593,-4.032021424449113,0],[103.1864190246184,-4.031626783948866,0],[103.1862394749718,-4.031432424266939,0],[103.1860211069886,-4.031234854005277,0],[103.1857182512963,-4.030918449127057,0],[103.185487534722,-4.03070634222388,0],[103.1852699527462,-4.030507485032388,0],[103.1852042203985,-4.030458853293396,0],[103.1848776181076,-4.030124048286154,0],[103.1847498927934,-4.029999439122776,0],[103.1844873033464,-4.029743257345388,0],[103.1843883158681,-4.029777423489236,0],[103.1843501198622,-4.029846106512537,0],[103.1842452921865,-4.029842647719988,0],[103.1844167955987,-4.029964129041275,0],[103.1845801583477,-4.031037649767654,0],[103.1845931211757,-4.031063305627015,0],[103.1847639105261,-4.031144205940279,0],[103.1848931745804,-4.031140520518534,0],[103.1850891323576,-4.03112185149223,0],[103.1851518861507,-4.031133457243186,0],[103.1851822148874,-4.031181277793678,0],[103.1851971984919,-4.03128637436663,0],[103.1852233705621,-4.031490826240599,0],[103.1852606816352,-4.03182137115931,0],[103.1852624694874,-4.031848766307462,0],[103.1852678582251,-4.031931305185537,0],[103.1853209919703,-4.032081848998075,0],[103.1853403076092,-4.032155600600447,0],[103.1853421485214,-4.032156436070636,0],[103.1853428949587,-4.032165480552464,0],[103.1855139064417,-4.032818434223316,0],[103.1856600570661,-4.032802228440062,0],[103.1856668487461,-4.033069173303659,0],[103.1850519094181,-4.033182725302481,0],[103.1850492015595,-4.033148972846789,0],[103.184083670525,-4.033271580119276,0],[103.1860824173697,-4.035413095238084,0],[103.1876290687266,-4.03555586171359,0],[103.1876653194989,-4.035508736339068,0],[103.1874708806766,-4.035478138705116,0],[103.1871849223464,-4.035451221996254,0],[103.1868966896306,-4.035427537450857,0],[103.1869580099043,-4.034672457667739,0],[103.1870438483949,-4.03404739826874,0],[103.1872471743177,-4.034052653906826,0],[103.1874688607994,-4.034082519492642,0],[103.1876193956187,-4.034108710448606,0],[103.1877116480742,-4.034123290257583,0],[103.1876490561591,-4.034505598354656,0],[103.1878874979097,-4.034568631836862,0],[103.1877745124838,-4.035366785548661,0],[103.1878670149508,-4.035246532701251,0],[103.1886522355123,-4.035436889500829,0],[103.189850901398,-4.035197982800639,0],[103.1900881560436,-4.035446356663954,0],[103.1904940137878,-4.035871240465326,0],[103.1909835975151,-4.036383773092609,0],[103.1912978763959,-4.036712783767882,0],[103.1918735513234,-4.036385856821767,0],[103.1926395515741,-4.035947609994139,0],[103.1939176635694,-4.035199446896911,0],[103.1943581425143,-4.03492701167221,0],[103.1949055067838,-4.034588469082507,0],[103.1951526036098,-4.034435640092681,0],[103.1955166617646,-4.034521300517554,0],[103.1961472187192,-4.034078720756327,0],[103.1963851649435,-4.035387424090288,0],[103.1965576755963,-4.036042197089671,0],[103.1967076357489,-4.036611373516052,0],[103.196824902847,-4.037056465983085,0],[103.198265259734,-4.036974021533808,0],[103.1986011843972,-4.036351739241297,0],[103.1993033085009,-4.036177126872872,0],[103.1996430390951,-4.03609263826462,0],[103.200800150007,-4.035804870498339,0],[103.201358571441,-4.035665994489989,0],[103.2028298515165,-4.035326968964398,0],[103.203417816579,-4.035191485198823,0],[103.2034171924495,-4.035173317094859,0],[103.2033956105191,-4.034543906775809,0],[103.2033627627814,-4.03358588328183,0],[103.2033327146331,-4.032709562296418,0],[103.2033290175202,-4.032601762361423,0],[103.2033499816164,-4.032594362739587,0],[103.2033533360877,-4.03259317923181,0],[103.2037335280799,-4.032458994087278,0],[103.2037438828739,-4.032456692722121,0],[103.2041618293051,-4.032363816137149,0],[103.2042127938854,-4.03237109614912,0],[103.2046615178148,-4.03243519982459,0],[103.2047322818694,-4.032441096679236,0],[103.2049470525645,-4.032458994087278,0],[103.2053515595269,-4.032173459337628,0],[103.205936052307,-4.032027335692931,0],[103.2060178096742,-4.032006896800794,0],[103.2060108228413,-4.031990797137553,0],[103.2057427160536,-4.031372984475581,0],[103.2057321265365,-4.03134858496918,0],[103.2054820367666,-4.030772290408834,0],[103.2054723061021,-4.030749867612258,0],[103.2052277255791,-4.030661819487307,0],[103.2050381943573,-4.030532274844575,0],[103.2049511327886,-4.03058496252595,0],[103.204444840557,-4.030826106739369,0],[103.2043938157221,-4.030701235873266,0],[103.2038693742722,-4.030874593687486,0],[103.2034394929383,-4.031042735433857,0],[103.2029807676483,-4.031223472185445,0],[103.2026075507979,-4.031379350776376,0],[103.2025260164626,-4.031193800853202,0],[103.2023499876619,-4.030780352830959,0],[103.2029838577189,-4.030464621544979,0],[103.203434892906,-4.030234187357792,0],[103.2040925797089,-4.02992607512823,0],[103.2045454225333,-4.029712237929402,0],[103.2046671817451,-4.029656896348627,0],[103.2046139265915,-4.029603641195024,0],[103.2043676904166,-4.029731156067953,0],[103.2043590056637,-4.029735654476838,0],[103.2031717800537,-4.030350467899723,0],[103.2027180936652,-4.030585412186952,0],[103.2026096318291,-4.030641580244662,0],[103.2025929413113,-4.030650222729548,0],[103.2019489304988,-4.030983729115746,0],[103.2018741230924,-4.030650222729548,0],[103.2018208103822,-4.030412555295129,0],[103.2016706370903,-4.029743053199297,0],[103.2015876872221,-4.029373254671896,0],[103.2015469731144,-4.029398039088164,0],[103.2012683667418,-4.029438953744659,0],[103.2009761365395,-4.029402308169949,0],[103.200728175465,-4.029302066137404,0],[103.200518786313,-4.029215752804703,0],[103.2003975199297,-4.029185029265648,0],[103.2000086674661,-4.029195243765457,0],[103.1999856843919,-4.0291907759335,0],[103.1998992874222,-4.029110708392409,0],[103.1997870106621,-4.028931193819517,0],[103.199561988595,-4.02878815844673,0],[103.1994482063697,-4.028629212268299,0],[103.1993979234754,-4.028483129093104,0],[103.199068423569,-4.028405380903564,0],[103.1985032185488,-4.028277934379105,0],[103.1980120151425,-4.028242863517278,0],[103.197615075975,-4.028258384916455,0],[103.1973066354929,-4.028365846706436,0],[103.1970314195644,-4.028425485247908,0],[103.1967898949378,-4.028470495416968,0],[103.1965266094156,-4.028427435877404,0],[103.1963391996944,-4.028431456746262,0],[103.1963205063863,-4.028329864831335,0],[103.1962199127188,-4.028165070361638,0],[103.1961029828664,-4.028107499361568,0],[103.1958218880698,-4.028178879451673,0],[103.1953753198152,-4.028307193821888,0],[103.1952624270194,-4.028411264268357,0],[103.1951661662856,-4.028551633151324,0],[103.1949132769262,-4.028670711484097,0],[103.1945082951218,-4.028899278678693,0],[103.1944706000382,-4.029177998365867,0],[103.1944848470981,-4.02935288322891,0],[103.194517918767,-4.029614507703343,0],[103.194527695297,-4.029827594867584,0],[103.1944819135095,-4.030017039754512,0],[103.1944107600486,-4.030152219549223,0],[103.1941299080689,-4.03018155543441,0],[103.1939944980477,-4.030195699971557,0],[103.1934718975101,-4.030212703453458,0],[103.193024286042,-4.03014884349426,0],[103.1930392435663,-4.029703015381813,0],[103.1930531920513,-4.029299683833301,0],[103.1931989307861,-4.028910643411393,0],[103.1934086005265,-4.028666673528107,0],[103.1938209855501,-4.028410889251063,0],[103.1939433670928,-4.028184531690727,0],[103.1940787384431,-4.027817911367492,0],[103.1942581298089,-4.027664345832875,0],[103.194706693659,-4.027643687506099,0],[103.1950112895394,-4.027522599188558,0],[103.1952861403432,-4.02735474072864,0],[103.1955850111394,-4.02727469297264,0],[103.1959362899279,-4.027283258115801,0],[103.1962658734714,-4.027471126491264,0],[103.196531271501,-4.027672165438048,0],[103.1967829656614,-4.027724093192319,0],[103.1971078376566,-4.027694583738025,0],[103.1973904433144,-4.027656980385302,0],[103.1976970105087,-4.027614466734178,0],[103.1981380344428,-4.02750901672772,0],[103.1985436322828,-4.027277544722836,0],[103.1988625534642,-4.026949180660097,0],[103.1990120594591,-4.02683196032666,0],[103.1991789745301,-4.026782371709032,0],[103.1993937829968,-4.026742075786103,0],[103.19949492615,-4.026642329280037,0],[103.1995139315228,-4.026642233052542,0],[103.1997327644556,-4.026630511289,0],[103.1998585508315,-4.026551442894743,0],[103.2000525274023,-4.026328072882222,0],[103.200152725368,-4.026378452903259,0],[103.2003164694296,-4.026440530406092,0],[103.2005766684785,-4.026555719171029,0],[103.2008252797629,-4.026617985531573,0],[103.2009717874181,-4.026629237849022,0],[103.2009354125393,-4.026472797181782,0],[103.2008715705666,-4.026198217074011,0],[103.2008176274316,-4.026182033773807,0],[103.2008176274316,-4.025966212670539,0],[103.200735740562,-4.025614021070169,0],[103.2007458993039,-4.025403201096822,0],[103.2007486575246,-4.025345961946527,0],[103.2007534104416,-4.025247343190301,0],[103.2007622103078,-4.025064735848844,0],[103.2007744626713,-4.024810537076576,0],[103.200792847512,-4.024429049161256,0],[103.2008658787574,-4.024156398998571,0],[103.2008966112896,-4.023890957801427,0],[103.2009319177739,-4.023776615298516,0]],[[103.1963355016821,-4.023414431330878,0],[103.1964782699562,-4.023738037980024,0],[103.1966591074319,-4.023814180879697,0],[103.1970108124991,-4.023669890952647,0],[103.1970525671223,-4.023636395703079,0],[103.1974153653269,-4.023670993521478,0],[103.1974636103574,-4.023691670733967,0],[103.1974721763999,-4.023771883965253,0],[103.1976394467031,-4.023833215930097,0],[103.1978583569776,-4.023699966979848,0],[103.1978793309664,-4.023677889522958,0],[103.1980391944533,-4.023509610180326,0],[103.1980399858567,-4.02351003106304,0],[103.1983254405667,-4.02366208393795,0],[103.1982100719374,-4.023894821288934,0],[103.1981249367165,-4.024066565719409,0],[103.1979248528497,-4.024470199440088,0],[103.1974870934546,-4.025353301313771,0],[103.1975292293905,-4.025352806686612,0],[103.1975934050117,-4.025351602494425,0],[103.1979106030919,-4.025311232827107,0],[103.1982776685796,-4.025242884351599,0],[103.1983077536,-4.025415668398352,0],[103.1983627381499,-4.025696449331633,0],[103.1984754276989,-4.025903440891057,0],[103.198662337397,-4.02614802231335,0],[103.1982683974686,-4.026233114366676,0],[103.1980096616167,-4.026251639501538,0],[103.1979512227708,-4.026317331379687,0],[103.1978870840218,-4.026362271401638,0],[103.1977684850276,-4.026400212899432,0],[103.197620602309,-4.026442500820735,0],[103.1974668416215,-4.026500935169963,0],[103.1973802414051,-4.026621233882793,0],[103.1973345504492,-4.026714701322362,0],[103.1973123947513,-4.026866466414219,0],[103.1973063126363,-4.026970784174296,0],[103.1973176818656,-4.027139894490517,0],[103.1969591347563,-4.027115705425445,0],[103.1969110093357,-4.026990784197267,0],[103.1968757640054,-4.026845630921059,0],[103.1968254766145,-4.02664390129496,0],[103.1961074255173,-4.026642306796987,0],[103.1961183091128,-4.026306295798861,0],[103.1947645110734,-4.027157280184269,0],[103.1931679518395,-4.028160862433822,0],[103.1925727778115,-4.028048808705535,0],[103.1913156209192,-4.027695108042735,0],[103.1909939720942,-4.027603893404887,0],[103.1904425995464,-4.027447531878067,0],[103.189970125421,-4.027387154093844,0],[103.1896921575671,-4.02750712545344,0],[103.1894256578679,-4.027859286476826,0],[103.1891430324251,-4.027974904218411,0],[103.1887974796201,-4.028144821226476,0],[103.1885404974461,-4.028230480752029,0],[103.1881597847463,-4.028354213076398,0],[103.1878672083051,-4.028347954694311,0],[103.1876553388229,-4.028297106126502,0],[103.1874080009785,-4.028198170808878,0],[103.1872746234252,-4.028144821226476,0],[103.1870014399645,-4.02803736842975,0],[103.1869177058875,-4.028004433457795,0],[103.1867634235932,-4.027991208927119,0],[103.1866678625319,-4.027983017901931,0],[103.1864825356406,-4.02790094397335,0],[103.1863672128766,-4.027849873272999,0],[103.1861681758207,-4.027761728021289,0],[103.1861437880055,-4.027708074468023,0],[103.1854922210892,-4.027812604468068,0],[103.1849758807324,-4.028110932973107,0],[103.1849011677547,-4.028059676113116,0],[103.184736487499,-4.027831848161213,0],[103.1844687395408,-4.027829730257793,0],[103.1842206939299,-4.027810946118223,0],[103.1842215285008,-4.027434208421937,0],[103.1842562270433,-4.026794739185846,0],[103.1847234815035,-4.026874777948592,0],[103.1847316626362,-4.026596798403489,0],[103.184498790387,-4.026556781270415,0],[103.1845633545153,-4.026092076388181,0],[103.1842610240271,-4.025995696943824,0],[103.184316036456,-4.025745167405489,0],[103.1847152455122,-4.025812898946072,0],[103.1851946633032,-4.02586561990239,0],[103.1854890087108,-4.02615339036663,0],[103.1857553141565,-4.026123603021802,0],[103.1859976787499,-4.025975271541483,0],[103.1862970567638,-4.026039742140313,0],[103.1863999895679,-4.026208611438221,0],[103.186310718365,-4.026318819757705,0],[103.1862038465304,-4.026477129216119,0],[103.1860927640699,-4.026597703121467,0],[103.1861446315696,-4.026667399680719,0],[103.1861874455942,-4.026621633181776,0],[103.186289528539,-4.026512511243368,0],[103.186386440382,-4.02638950647048,0],[103.1864751270256,-4.026276943725918,0],[103.1866625970013,-4.026164461920359,0],[103.1867773693801,-4.026095597233962,0],[103.186867737756,-4.026041377107845,0],[103.1869626135339,-4.025917750004112,0],[103.1870668467577,-4.025781931690744,0],[103.1871033025754,-4.02573442680233,0],[103.1872380785745,-4.025681209420213,0],[103.1873047120429,-4.025654897955121,0],[103.187316996782,-4.025650046112673,0],[103.1874180850766,-4.025610129703693,0],[103.1875838445189,-4.025544676145842,0],[103.1875541830792,-4.025496316901467,0],[103.1874770716096,-4.025370604269938,0],[103.1873728644662,-4.025089650666814,0],[103.1874497582997,-4.02496798858175,0],[103.18717979711,-4.02498543902675,0],[103.1871581306433,-4.024562787342688,0],[103.1876905949451,-4.024406800833162,0],[103.1880125774186,-4.024281785176186,0],[103.1884084338022,-4.024156192154521,0],[103.1887987989255,-4.02411908432822,0],[103.1887768024076,-4.023804577918895,0],[103.1895832298822,-4.02373953445192,0],[103.1896413188918,-4.024057473573521,0],[103.1897175175495,-4.024039040169498,0],[103.1900551868974,-4.023957352949424,0],[103.1901358695748,-4.023937834963078,0],[103.1901477756994,-4.023916915832956,0],[103.1903427613095,-4.023574329891346,0],[103.1900429129501,-4.023513765048165,0],[103.1899990575105,-4.023219380070259,0],[103.189517646822,-4.023088483746506,0],[103.1891296028489,-4.023001071442252,0],[103.1889361065162,-4.022719354314688,0],[103.1888318346215,-4.022500236296821,0],[103.1891105084433,-4.022474062427989,0],[103.1896475341065,-4.022441731800427,0],[103.1899024316519,-4.022413025440699,0],[103.1902298505273,-4.022362452964785,0],[103.1906517539753,-4.022377264798877,0],[103.1910027503767,-4.022414743145816,0],[103.1911531458011,-4.022150502543639,0],[103.1912074576581,-4.022060839236303,0],[103.1912085440391,-4.022059045988158,0],[103.1912162530277,-4.022061807806153,0],[103.1914052590456,-4.022129522259604,0],[103.1916432034711,-4.022291326483469,0],[103.1918906690192,-4.022291326483469,0],[103.1920715064949,-4.022234219533573,0],[103.1923951149427,-4.022120003835084,0],[103.1926711303684,-4.022062896885132,0],[103.1932612376161,-4.022024825884955,0],[103.1937180950141,-4.022072415309651,0],[103.1940226657135,-4.022243736159453,0],[103.1942986829379,-4.022586378758319,0],[103.1945175923131,-4.022824324982537,0],[103.1947645110734,-4.022840786173276,0],[103.1948031288614,-4.022843360932313,0],[103.1950125216106,-4.022833843407113,0],[103.1952314318851,-4.022852878457513,0],[103.195545521009,-4.022986128307139,0],[103.1958215364348,-4.023262146430852,0],[103.1960785195081,-4.023262146430852,0],[103.1963355016821,-4.023414431330878,0]],[[103.1833237299062,-4.020737284498011,0],[103.1833287571165,-4.020861962009917,0],[103.1833183555577,-4.020988386005172,0],[103.1832837253637,-4.021102143049404,0],[103.1831502021202,-4.021227958203667,0],[103.1829042186548,-4.021364455505193,0],[103.182790350994,-4.021437279906479,0],[103.1824767016385,-4.021325340392082,0],[103.1825447533378,-4.021090392507574,0],[103.182743657294,-4.020724622043645,0],[103.1833237299062,-4.020737284498011,0]],[[103.2005014392901,-4.030872447905097,0],[103.2009609191112,-4.030757868880471,0],[103.2011712327662,-4.03137216968986,0],[103.2008709203567,-4.03153127504828,0],[103.2004134640102,-4.031771278022006,0],[103.2005546215985,-4.032116432427358,0],[103.2003339279685,-4.032236460444267,0],[103.2004253665375,-4.032421128132512,0],[103.1996238925287,-4.032848294413213,0],[103.1996436200571,-4.032914718339555,0],[103.198858948082,-4.033154037828524,0],[103.1982460205375,-4.033436752304226,0],[103.1981064799302,-4.033003075831232,0],[103.1979442575216,-4.033084430302154,0],[103.1974737169385,-4.032211092367959,0],[103.1980454528355,-4.031725374826124,0],[103.1986930708286,-4.031259501724605,0],[103.198997163988,-4.031081860439485,0],[103.1990569230387,-4.031193902476559,0],[103.1997150864821,-4.030943261422351,0],[103.2000152037387,-4.030903344113995,0],[103.2000368234407,-4.031095236056274,0],[103.200520562474,-4.031086470364244,0],[103.2005014392901,-4.030872447905097,0]],[[103.1867324284589,-4.034133337483468,0],[103.1867953908946,-4.034290489514433,0],[103.1868329456839,-4.034510979897732,0],[103.1868059444388,-4.034988437166589,0],[103.1867686099834,-4.035326310660651,0],[103.1867418488573,-4.035378902114587,0],[103.1866206175475,-4.035421494006698,0],[103.1864362106626,-4.035440179220871,0],[103.1863935926902,-4.035318536920897,0],[103.1863629024261,-4.035007050434956,0],[103.1861672711028,-4.034991783543944,0],[103.1862200577095,-4.034418507108342,0],[103.1863443539089,-4.034455524103123,0],[103.1863775901537,-4.03429248331139,0],[103.186355630508,-4.034148786037576,0],[103.1864737708479,-4.034152471459322,0],[103.1867324284589,-4.034133337483468,0]]],[[[103.1749659443229,-4.014068366361982,0],[103.1752571996601,-4.014057715690967,0],[103.1755330379194,-4.014018773247756,0],[103.1757976526396,-4.013965672777545,0],[103.1760222655152,-4.01392999037671,0],[103.1759724763488,-4.013923417231865,0],[103.1754942060928,-4.013860273133048,0],[103.1753403518758,-4.013846321050835,0],[103.174627029414,-4.01376260675886,0],[103.1744859095971,-4.01374623819828,0],[103.1743832339991,-4.013734328476403,0],[103.174025605997,-4.013692844549098,0],[103.1738997269908,-4.013650987403082,0],[103.1734941165603,-4.013581222495361,0],[103.1728647206304,-4.013525408770533,0],[103.1728507325753,-4.013525408770533,0],[103.172820290524,-4.013525408770533,0],[103.1728082054344,-4.013525408770533,0],[103.172873652697,-4.013542334910767,0],[103.1732435978138,-4.013574242856976,0],[103.1735783380699,-4.013617383335543,0],[103.1738652245006,-4.013671710480992,0],[103.1740957000566,-4.013786665422231,0],[103.1743963694969,-4.013971016549135,0],[103.1746887777649,-4.014073396270192,0],[103.1749659443229,-4.014068366361982,0]]],[[[103.1720395135128,-4.013246354535568,0],[103.1718157298121,-4.01302311312611,0],[103.1717178233189,-4.012953349117709,0],[103.1709905199966,-4.012813813906348,0],[103.1706638097871,-4.012971825689135,0],[103.170711112328,-4.01297657231089,0],[103.1709769528242,-4.013004016022478,0],[103.1711527415059,-4.013035497689998,0],[103.1715577116191,-4.013132481478806,0],[103.1719035863815,-4.013233563478138,0],[103.1721828303734,-4.01333571027476,0],[103.1720395135128,-4.013246354535568,0]]]]},"properties":{"name":" ","description":"<html xmlns:fo=\"http://www.w3.org/1999/XSL/Format\" xmlns:msxsl=\"urn:schemas-microsoft-com:xslt\">\n\n<head>\n\n<META http-equiv=\"Content-Type\" content=\"text/html\">\n\n<meta http-equiv=\"content-type\" content=\"text/html; charset=UTF-8\">\n\n</head>\n\n<body style=\"margin:0px 0px 0px 0px;overflow:auto;background:#FFFFFF;\">\n\n<table style=\"font-family:Arial,Verdana,Times;font-size:12px;text-align:left;width:100%;border-collapse:collapse;padding:3px 3px 3px 3px\">\n\n<tr style=\"text-align:center;font-weight:bold;background:#9CBCE2\">\n\n<td> </td>\n\n</tr>\n\n<tr>\n\n<td>\n\n<table style=\"font-family:Arial,Verdana,Times;font-size:12px;text-align:left;width:100%;border-spacing:0px; padding:3px 3px 3px 3px\">\n\n<tr>\n\n<td>FID</td>\n\n<td>1</td>\n\n</tr>\n\n<tr bgcolor=\"#D4E4F3\">\n\n<td>NAMOBJ</td>\n\n<td></td>\n\n</tr>\n\n<tr>\n\n<td>JNSKBN</td>\n\n<td>0</td>\n\n</tr>\n\n<tr bgcolor=\"#D4E4F3\">\n\n<td>FCODE</td>\n\n<td></td>\n\n</tr>\n\n<tr>\n\n<td>PUDATE</td>\n\n<td>&lt;Null&gt;</td>\n\n</tr>\n\n<tr bgcolor=\"#D4E4F3\">\n\n<td>AQDATE</td>\n\n<td>&lt;Null&gt;</td>\n\n</tr>\n\n<tr>\n\n<td>REMARK</td>\n\n<td>Perkebunan/Kebun</td>\n\n</tr>\n\n<tr bgcolor=\"#D4E4F3\">\n\n<td>KODLCO</td>\n\n<td></td>\n\n</tr>\n\n<tr>\n\n<td>SRS_ID</td>\n\n<td></td>\n\n</tr>\n\n<tr bgcolor=\"#D4E4F3\">\n\n<td>LCODE</td>\n\n<td>FA0020</td>\n\n</tr>\n\n<tr>\n\n<td>METADATA</td>\n\n<td></td>\n\n</tr>\n\n<tr bgcolor=\"#D4E4F3\">\n\n<td>SHAPE_Leng</td>\n\n<td>22.060903</td>\n\n</tr>\n\n</table>\n\n</td>\n\n</tr>\n\n</table>\n\n</body>\n\n</html>\n\n","extrude":false,"altitudeMode":"clampToGround"}},
{"type":"Feature","id":"ID_80000","geometry":{"type":"MultiLineString","coordinates":[[[103.1839522669836,-4.029635087789018,1116.206200000001],[103.1839510034361,-4.029601495412635,1116.428],[103.184189267121,-4.029537148920213,1114.388000000006],[103.1842728123405,-4.02932045547459,1111.327999999994],[103.1843655558258,-4.029118612533921,1100.362999999998],[103.1845201537822,-4.02895161832248,1086.159199999995],[103.1845265335728,-4.028944725918336,1085.573000000004],[103.1847594480901,-4.028795099414253,1078.687999999995],[103.1852574755521,-4.028959336304297,1079.198000000004],[103.1852264795185,-4.029228112187582,1097.157200000001]],[[103.1843501198622,-4.029846106512537,1109.088000000003],[103.1842452921865,-4.029842647719988,1110.648100000006]]]},"properties":{"name":" ","description":"<html xmlns:fo=\"http://www.w3.org/1999/XSL/Format\" xmlns:msxsl=\"urn:schemas-microsoft-com:xslt\">\n\n<head>\n\n<META http-equiv=\"Content-Type\" content=\"text/html\">\n\n<meta http-equiv=\"content-type\" content=\"text/html; charset=UTF-8\">\n\n</head>\n\n<body style=\"margin:0px 0px 0px 0px;overflow:auto;background:#FFFFFF;\">\n\n<table style=\"font-family:Arial,Verdana,Times;font-size:12px;text-align:left;width:100%;border-collapse:collapse;padding:3px 3px 3px 3px\">\n\n<tr style=\"text-align:center;font-weight:bold;background:#9CBCE2\">\n\n<td> </td>\n\n</tr>\n\n<tr>\n\n<td>\n\n<table style=\"font-family:Arial,Verdana,Times;font-size:12px;text-align:left;width:100%;border-spacing:0px; padding:3px 3px 3px 3px\">\n\n<tr>\n\n<td>FID</td>\n\n<td>1</td>\n\n</tr>\n\n<tr bgcolor=\"#D4E4F3\">\n\n<td>NAMRJL</td>\n\n<td></td>\n\n</tr>\n\n<tr>\n\n<td>KONRJL</td>\n\n<td>0</td>\n\n</tr>\n\n<tr bgcolor=\"#D4E4F3\">\n\n<td>MATRJL</td>\n\n<td>0</td>\n\n</tr>\n\n<tr>\n\n<td>FGSRJL</td>\n\n<td>0</td>\n\n</tr>\n\n<tr bgcolor=\"#D4E4F3\">\n\n<td>UTKRJL</td>\n\n<td>0</td>\n\n</tr>\n\n<tr>\n\n<td>TOLRJL</td>\n\n<td>0</td>\n\n</tr>\n\n<tr bgcolor=\"#D4E4F3\">\n\n<td>WLYRJL</td>\n\n<td>0</td>\n\n</tr>\n\n<tr>\n\n<td>AUTRJL</td>\n\n<td>0</td>\n\n</tr>\n\n<tr bgcolor=\"#D4E4F3\">\n\n<td>KLSRJL</td>\n\n<td>0</td>\n\n</tr>\n\n<tr>\n\n<td>SPCRJL</td>\n\n<td>0</td>\n\n</tr>\n\n<tr bgcolor=\"#D4E4F3\">\n\n<td>JPARJL</td>\n\n<td>0</td>\n\n</tr>\n\n<tr>\n\n<td>ARHRJL</td>\n\n<td>0</td>\n\n</tr>\n\n<tr bgcolor=\"#D4E4F3\">\n\n<td>STARJL</td>\n\n<td>0</td>\n\n</tr>\n\n<tr>\n\n<td>KLLRJL</td>\n\n<td></td>\n\n</tr>\n\n<tr bgcolor=\"#D4E4F3\">\n\n<td>MEDRJL</td>\n\n<td>0</td>\n\n</tr>\n\n<tr>\n\n<td>LOCRJL</td>\n\n<td>0</td>\n\n</tr>\n\n<tr bgcolor=\"#D4E4F3\">\n\n<td>JARRJL</td>\n\n<td>0</td>\n\n</tr>\n\n<tr>\n\n<td>FCODE</td>\n\n<td></td>\n\n</tr>\n\n<tr bgcolor=\"#D4E4F3\">\n\n<td>REMARK</td>\n\n<td>Jalan Lain</td>\n\n</tr>\n\n<tr>\n\n<td>SRS_ID</td>\n\n<td></td>\n\n</tr>\n\n<tr bgcolor=\"#D4E4F3\">\n\n<td>LCODE</td>\n\n<td>CA0080</td>\n\n</tr>\n\n<tr>\n\n<td>METADATA</td>\n\n<td></td>\n\n</tr>\n\n<tr bgcolor=\"#D4E4F3\">\n\n<td>SHAPE_Leng</td>\n\n<td>0.002632</td>\n\n</tr>\n\n</table>\n\n</td>\n\n</tr>\n\n</table>\n\n</body>\n\n</html>\n\n","extrude":false,"altitudeMode":"clampToGround","tessellate":true}},
{"type":"Feature","id":"ID_80001","geometry":{"type":"MultiLineString","coordinates":[[[103.1867324284589,-4.034133337483468,1097.471000000005],[103.1867953908946,-4.034290489514433,1099.259999999995],[103.1868329456839,-4.034510979897732,1099.137000000002]]]},"properties":{"name":" ","description":"<html xmlns:fo=\"http://www.w3.org/1999/XSL/Format\" xmlns:msxsl=\"urn:schemas-microsoft-com:xslt\">\n\n<head>\n\n<META http-equiv=\"Content-Type\" content=\"text/html\">\n\n<meta http-equiv=\"content-type\" content=\"text/html; charset=UTF-8\">\n\n</head>\n\n<body style=\"margin:0px 0px 0px 0px;overflow:auto;background:#FFFFFF;\">\n\n<table style=\"font-family:Arial,Verdana,Times;font-size:12px;text-align:left;width:100%;border-collapse:collapse;padding:3px 3px 3px 3px\">\n\n<tr style=\"text-align:center;font-weight:bold;background:#9CBCE2\">\n\n<td> </td>\n\n</tr>\n\n<tr>\n\n<td>\n\n<table style=\"font-family:Arial,Verdana,Times;font-size:12px;text-align:left;width:100%;border-spacing:0px; padding:3px 3px 3px 3px\">\n\n<tr>\n\n<td>FID</td>\n\n<td>2</td>\n\n</tr>\n\n<tr bgcolor=\"#D4E4F3\">\n\n<td>NAMRJL</td>\n\n<td></td>\n\n</tr>\n\n<tr>\n\n<td>KONRJL</td>\n\n<td>0</td>\n\n</tr>\n\n<tr bgcolor=\"#D4E4F3\">\n\n<td>MATRJL</td>\n\n<td>0</td>\n\n</tr>\n\n<tr>\n\n<td>FGSRJL</td>\n\n<td>0</td>\n\n</tr>\n\n<tr bgcolor=\"#D4E4F3\">\n\n<td>UTKRJL</td>\n\n<td>0</td>\n\n</tr>\n\n<tr>\n\n<td>TOLRJL</td>\n\n<td>0</td>\n\n</tr>\n\n<tr bgcolor=\"#D4E4F3\">\n\n<td>WLYRJL</td>\n\n<td>0</td>\n\n</tr>\n\n<tr>\n\n<td>AUTRJL</td>\n\n<td>0</td>\n\n</tr>\n\n<tr bgcolor=\"#D4E4F3\">\n\n<td>KLSRJL</td>\n\n<td>0</td>\n\n</tr>\n\n<tr>\n\n<td>SPCRJL</td>\n\n<td>0</td>\n\n</tr>\n\n<tr bgcolor=\"#D4E4F3\">\n\n<td>JPARJL</td>\n\n<td>0</td>\n\n</tr>\n\n<tr>\n\n<td>ARHRJL</td>\n\n<td>0</td>\n\n</tr>\n\n<tr bgcolor=\"#D4E4F3\">\n\n<td>STARJL</td>\n\n<td>0</td>\n\n</tr>\n\n<tr>\n\n<td>KLLRJL</td>\n\n<td></td>\n\n</tr>\n\n<tr bgcolor=\"#D4E4F3\">\n\n<td>MEDRJL</td>\n\n<td>0</td>\n\n</tr>\n\n<tr>\n\n<td>LOCRJL</td>\n\n<td>0</td>\n\n</tr>\n\n<tr bgcolor=\"#D4E4F3\">\n\n<td>JARRJL</td>\n\n<td>0</td>\n\n</tr>\n\n<tr>\n\n<td>FCODE</td>\n\n<td></td>\n\n</tr>\n\n<tr bgcolor=\"#D4E4F3\">\n\n<td>REMARK</td>\n\n<td>Jalan Lain</td>\n\n</tr>\n\n<tr>\n\n<td>SRS_ID</td>\n\n<td></td>\n\n</tr>\n\n<tr bgcolor=\"#D4E4F3\">\n\n<td>LCODE</td>\n\n<td>CA0080</td>\n\n</tr>\n\n<tr>\n\n<td>METADATA</td>\n\n<td></td>\n\n</tr>\n\n<tr bgcolor=\"#D4E4F3\">\n\n<td>SHAPE_Leng</td>\n\n<td>0.000393</td>\n\n</tr>\n\n</table>\n\n</td>\n\n</tr>\n\n</table>\n\n</body>\n\n</html>\n\n","extrude":false,"altitudeMode":"clampToGround","tessellate":true}},
{"type":"Feature","id":"ID_80002","geometry":{"type":"MultiLineString","coordinates":[[[103.1877104555732,-4.013870252909783,1063.496899999998],[103.1877374460263,-4.013931615451668,1063.25],[103.1878092955626,-4.014010661362875,1064.218999999997],[103.1880368501206,-4.014286552682222,1068.256800000003],[103.1880875556962,-4.014422038246437,1068.452000000005],[103.188097423957,-4.01457342922032,1068.502999999997],[103.1880826175188,-4.014827386974275,1069.013000000006],[103.1880457606034,-4.015212799531014,1069.421000000002],[103.1880334515826,-4.015384540364209,1070.849000000002],[103.1880053234869,-4.015534500516765,1072.225999999995],[103.1879740450662,-4.015636147290309,1073.092999999993],[103.1879158688224,-4.015680732080057,1073.705000000002],[103.1877272387212,-4.015705767407212,1076.153000000006],[103.1874005941622,-4.015725213447809,1081.304000000004],[103.1871370487358,-4.015742087427327,1086.047000000006],[103.1869162975491,-4.015771978194209,1088.546000000002],[103.1867274444161,-4.015832450407231,1091.096000000005],[103.1866528915178,-4.01588443032216,1093.493000000002],[103.1866063893734,-4.015955789727855,1094.717000000004],[103.1865639206885,-4.016080750526157,1095.584000000003],[103.1865405688922,-4.016392197441917,1095.634999999995],[103.1865121287318,-4.016618590975156,1096.195999999996],[103.1864500377391,-4.01681317998424,1095.482000000004],[103.1863790785317,-4.016922208393169,1095.634999999995],[103.1862785702999,-4.017008646731597,1096.451000000001],[103.1860129519362,-4.017124176339621,1100.173999999999],[103.1857796740928,-4.01718754167166,1103.744000000006],[103.1855350989657,-4.017233582463803,1105.222999999998],[103.1852503115527,-4.017327946527473,1106.243000000002],[103.1850029395341,-4.017440966127651,1106.447],[103.1847663809638,-4.017551280567091,1107.365000000005],[103.1845729619727,-4.017652638658319,1109.608999999997],[103.1844189836492,-4.017769095467315,1110.884000000005],[103.1842605464871,-4.017922831873136,1111.240999999995],[103.1839705079327,-4.018279050637602,1111.445000000007],[103.1838130429376,-4.018518375522547,1110.884000000005],[103.1837396231851,-4.018672843077184,1110.067999999999],[103.1836836637701,-4.01890808144276,1108.282999999996],[103.1836132288675,-4.019088391016396,1107.313999999998],[103.1835411904736,-4.019167378471707,1107.212],[103.1834519705321,-4.019215374389944,1107.212],[103.1833475628398,-4.019224988142639,1107.415999999997],[103.1831145107262,-4.019178108283029,1106.906000000003],[103.1829573613932,-4.019124082410428,1106.447],[103.1828449551306,-4.019107202135615,1106.345000000001],[103.1827174114794,-4.019122334128383,1106.039000000004],[103.1826160524889,-4.019178441931501,1105.222999999998],[103.1825371711536,-4.019245703126671,1102.979000000007],[103.1824887237756,-4.019316984291322,1101.194000000003],[103.1825106780254,-4.019405504560325,1100.837299999999],[103.1825295269162,-4.01948150087054,1100.531000000003],[103.182663584357,-4.019569259413743,1100.735000000001],[103.182853719024,-4.019760286208168,1102.163],[103.1829419371207,-4.019917413058124,1103.998999999996],[103.1830028841758,-4.020105710410178,1106.854999999996],[103.183069667831,-4.020297359535448,1110.221000000005],[103.1832224923242,-4.020550786689398,1115.116999999998],[103.1832883973417,-4.02064321001609,1116.698000000004],[103.1833237299062,-4.020737284498011,1118.024000000005],[103.1833287571165,-4.020861962009917,1118.482999999993],[103.1833183555577,-4.020988386904492,1118.380999999994],[103.1832837253637,-4.021102143049404,1119.095000000001],[103.1831502021202,-4.021227958203667,1121.134999999995],[103.1829042186548,-4.021364455505193,1123.429999999993],[103.182790350994,-4.021437279906479,1123.786999999997],[103.1827326765718,-4.021495447157122,1123.990999999995],[103.1827180014347,-4.021603715638946,1123.990999999995],[103.1827447130981,-4.021687380468165,1123.990999999995],[103.182785380441,-4.021738062661427,1124.092999999993],[103.1828819901118,-4.021794069740452,1124.042000000001],[103.1830153038133,-4.021835283871212,1123.778999999995],[103.1830888108,-4.021858009739333,1123.634000000005],[103.1832746404124,-4.021894520415742,1123.634000000005],[103.1834441086588,-4.021915986333681,1123.225999999995],[103.1835097960403,-4.021943622500146,1122.716],[103.1835535885273,-4.021985739550189,1121.747000000003],[103.1835977605283,-4.022076505426355,1121.236999999994],[103.1836730877429,-4.022297713468674,1120.625],[103.1837266675518,-4.022604702444994,1119.656000000003],[103.1837807941484,-4.022790906175317,1119.043999999994],[103.1838537714345,-4.022970631189651,1120.319000000003],[103.1839734496151,-4.023209688975896,1123.888999999996],[103.184008939561,-4.023289060441755,1125.418999999994],[103.1840259241571,-4.0233490775978,1126.744999999995],[103.1840184921597,-4.023403459601923,1127.509999999995],[103.183973798552,-4.023454312666331,1129.091],[103.1839101535308,-4.023491921414973,1130.774000000005],[103.1837297594209,-4.023590423259407,1134.751999999993],[103.18368765676,-4.023642847439419,1135.873999999996],[103.1836535023073,-4.023712153692884,1135.975999999995],[103.1836475389028,-4.023819409538078,1137.455000000002],[103.183625665592,-4.024104646612102,1140.668000000005],[103.1835961975066,-4.024188502097672,1141.535000000003],[103.1835486413568,-4.024243165589553,1142.402000000002],[103.183472235855,-4.02429426416893,1144.187000000005],[103.1830930268218,-4.024360005509777,1152.040999999997],[103.1828620395515,-4.024392239010581,1154.794999999998],[103.182662922456,-4.024459421065387,1159.028000000006],[103.1823915160557,-4.024495798642135,1164.587],[103.1820865226749,-4.024499699901185,1172.797999999995],[103.1818313211586,-4.024521173913001,1177.337],[103.1814896920957,-4.024568542104475,1184.630000000005],[103.1810460421412,-4.024657457175863,1192.483999999997],[103.1806360529116,-4.024765626732233,1198.910000000003],[103.1804050548495,-4.024835313398967,1203.346999999994],[103.1802504973626,-4.024854607454131,1206.152000000002],[103.1801301321,-4.024853279155479,1206.661999999997],[103.1799943254778,-4.024822105056046,1209.212],[103.1799182140544,-4.024798015815747,1210.801900000006]]]},"properties":{"name":" ","description":"<html xmlns:fo=\"http://www.w3.org/1999/XSL/Format\" xmlns:msxsl=\"urn:schemas-microsoft-com:xslt\">\n\n<head>\n\n<META http-equiv=\"Content-Type\" content=\"text/html\">\n\n<meta http-equiv=\"content-type\" content=\"text/html; charset=UTF-8\">\n\n</head>\n\n<body style=\"margin:0px 0px 0px 0px;overflow:auto;background:#FFFFFF;\">\n\n<table style=\"font-family:Arial,Verdana,Times;font-size:12px;text-align:left;width:100%;border-collapse:collapse;padding:3px 3px 3px 3px\">\n\n<tr style=\"text-align:center;font-weight:bold;background:#9CBCE2\">\n\n<td> </td>\n\n</tr>\n\n<tr>\n\n<td>\n\n<table style=\"font-family:Arial,Verdana,Times;font-size:12px;text-align:left;width:100%;border-spacing:0px; padding:3px 3px 3px 3px\">\n\n<tr>\n\n<td>FID</td>\n\n<td>3</td>\n\n</tr>\n\n<tr bgcolor=\"#D4E4F3\">\n\n<td>NAMRJL</td>\n\n<td></td>\n\n</tr>\n\n<tr>\n\n<td>KONRJL</td>\n\n<td>0</td>\n\n</tr>\n\n<tr bgcolor=\"#D4E4F3\">\n\n<td>MATRJL</td>\n\n<td>0</td>\n\n</tr>\n\n<tr>\n\n<td>FGSRJL</td>\n\n<td>0</td>\n\n</tr>\n\n<tr bgcolor=\"#D4E4F3\">\n\n<td>UTKRJL</td>\n\n<td>0</td>\n\n</tr>\n\n<tr>\n\n<td>TOLRJL</td>\n\n<td>0</td>\n\n</tr>\n\n<tr bgcolor=\"#D4E4F3\">\n\n<td>WLYRJL</td>\n\n<td>0</td>\n\n</tr>\n\n<tr>\n\n<td>AUTRJL</td>\n\n<td>0</td>\n\n</tr>\n\n<tr bgcolor=\"#D4E4F3\">\n\n<td>KLSRJL</td>\n\n<td>0</td>\n\n</tr>\n\n<tr>\n\n<td>SPCRJL</td>\n\n<td>0</td>\n\n</tr>\n\n<tr bgcolor=\"#D4E4F3\">\n\n<td>JPARJL</td>\n\n<td>0</td>\n\n</tr>\n\n<tr>\n\n<td>ARHRJL</td>\n\n<td>0</td>\n\n</tr>\n\n<tr bgcolor=\"#D4E4F3\">\n\n<td>STARJL</td>\n\n<td>0</td>\n\n</tr>\n\n<tr>\n\n<td>KLLRJL</td>\n\n<td></td>\n\n</tr>\n\n<tr bgcolor=\"#D4E4F3\">\n\n<td>MEDRJL</td>\n\n<td>0</td>\n\n</tr>\n\n<tr>\n\n<td>LOCRJL</td>\n\n<td>0</td>\n\n</tr>\n\n<tr bgcolor=\"#D4E4F3\">\n\n<td>JARRJL</td>\n\n<td>0</td>\n\n</tr>\n\n<tr>\n\n<td>FCODE</td>\n\n<td></td>\n\n</tr>\n\n<tr bgcolor=\"#D4E4F3\">\n\n<td>REMARK</td>\n\n<td>Jalan Lain</td>\n\n</tr>\n\n<tr>\n\n<td>SRS_ID</td>\n\n<td></td>\n\n</tr>\n\n<tr bgcolor=\"#D4E4F3\">\n\n<td>LCODE</td>\n\n<td>CA0080</td>\n\n</tr>\n\n<tr>\n\n<td>METADATA</td>\n\n<td></td>\n\n</tr>\n\n<tr bgcolor=\"#D4E4F3\">\n\n<td>SHAPE_Leng</td>\n\n<td>0.020661</td>\n\n</tr>\n\n</table>\n\n</td>\n\n</tr>\n\n</table>\n\n</body>\n\n</html>\n\n","extrude":false,"altitudeMode":"clampToGround","tessellate":true}},
{"type":"Feature","id":"ID_80003","geometry":{"type":"MultiLineString","coordinates":[[[103.2002043410575,-4.021327858493805,920.4133000000002],[103.2001696551056,-4.021338509164821,920.755999999994],[103.2002478970229,-4.021447987234751,921.0620000000054],[103.2003936096774,-4.021556892436593,920.1440000000002],[103.2005221911463,-4.021596812442908,919.3686000000016]],[[103.2009957912229,-4.021752923958218,915.789499999999],[103.2010077315217,-4.021758251542053,915.7069999999949],[103.2010842089691,-4.021806984904401,914.2978000000003]],[[103.2011395280668,-4.023353445604982,913.4447999999975],[103.2011168255811,-4.023381218468387,913.5650000000023],[103.2010318369498,-4.023490271159062,912.2899999999936],[103.2009664247607,-4.023664861943757,911.2700000000041],[103.2009319177739,-4.023776615298516,911.2448000000004],[103.200896612189,-4.023890958700747,911.2189999999973],[103.2008658796567,-4.024156397199931,912.2271999999939]]]},"properties":{"name":" ","description":"<html xmlns:fo=\"http://www.w3.org/1999/XSL/Format\" xmlns:msxsl=\"urn:schemas-microsoft-com:xslt\">\n\n<head>\n\n<META http-equiv=\"Content-Type\" content=\"text/html\">\n\n<meta http-equiv=\"content-type\" content=\"text/html; charset=UTF-8\">\n\n</head>\n\n<body style=\"margin:0px 0px 0px 0px;overflow:auto;background:#FFFFFF;\">\n\n<table style=\"font-family:Arial,Verdana,Times;font-size:12px;text-align:left;width:100%;border-collapse:collapse;padding:3px 3px 3px 3px\">\n\n<tr style=\"text-align:center;font-weight:bold;background:#9CBCE2\">\n\n<td> </td>\n\n</tr>\n\n<tr>\n\n<td>\n\n<table style=\"font-family:Arial,Verdana,Times;font-size:12px;text-align:left;width:100%;border-spacing:0px; padding:3px 3px 3px 3px\">\n\n<tr>\n\n<td>FID</td>\n\n<td>4</td>\n\n</tr>\n\n<tr bgcolor=\"#D4E4F3\">\n\n<td>NAMRJL</td>\n\n<td></td>\n\n</tr>\n\n<tr>\n\n<td>KONRJL</td>\n\n<td>0</td>\n\n</tr>\n\n<tr bgcolor=\"#D4E4F3\">\n\n<td>MATRJL</td>\n\n<td>0</td>\n\n</tr>\n\n<tr>\n\n<td>FGSRJL</td>\n\n<td>0</td>\n\n</tr>\n\n<tr bgcolor=\"#D4E4F3\">\n\n<td>UTKRJL</td>\n\n<td>0</td>\n\n</tr>\n\n<tr>\n\n<td>TOLRJL</td>\n\n<td>0</td>\n\n</tr>\n\n<tr bgcolor=\"#D4E4F3\">\n\n<td>WLYRJL</td>\n\n<td>0</td>\n\n</tr>\n\n<tr>\n\n<td>AUTRJL</td>\n\n<td>0</td>\n\n</tr>\n\n<tr bgcolor=\"#D4E4F3\">\n\n<td>KLSRJL</td>\n\n<td>0</td>\n\n</tr>\n\n<tr>\n\n<td>SPCRJL</td>\n\n<td>0</td>\n\n</tr>\n\n<tr bgcolor=\"#D4E4F3\">\n\n<td>JPARJL</td>\n\n<td>0</td>\n\n</tr>\n\n<tr>\n\n<td>ARHRJL</td>\n\n<td>0</td>\n\n</tr>\n\n<tr bgcolor=\"#D4E4F3\">\n\n<td>STARJL</td>\n\n<td>0</td>\n\n</tr>\n\n<tr>\n\n<td>KLLRJL</td>\n\n<td></td>\n\n</tr>\n\n<tr bgcolor=\"#D4E4F3\">\n\n<td>MEDRJL</td>\n\n<td>0</td>\n\n</tr>\n\n<tr>\n\n<td>LOCRJL</td>\n\n<td>0</td>\n\n</tr>\n\n<tr bgcolor=\"#D4E4F3\">\n\n<td>JARRJL</td>\n\n<td>0</td>\n\n</tr>\n\n<tr>\n\n<td>FCODE</td>\n\n<td></td>\n\n</tr>\n\n<tr bgcolor=\"#D4E4F3\">\n\n<td>REMARK</td>\n\n<td>Jalan Lokal</td>\n\n</tr>\n\n<tr>\n\n<td>SRS_ID</td>\n\n<td></td>\n\n</tr>\n\n<tr bgcolor=\"#D4E4F3\">\n\n<td>LCODE</td>\n\n<td>CA0080</td>\n\n</tr>\n\n<tr>\n\n<td>METADATA</td>\n\n<td></td>\n\n</tr>\n\n<tr bgcolor=\"#D4E4F3\">\n\n<td>SHAPE_Leng</td>\n\n<td>0.030214</td>\n\n</tr>\n\n</table>\n\n</td>\n\n</tr>\n\n</table>\n\n</body>\n\n</html>\n\n","extrude":false,"altitudeMode":"clampToGround","tessellate":true}},
{"type":"Feature","id":"ID_80004","geometry":{"type":"MultiLineString","coordinates":[[[103.172178953396,-4.02205658724165,1368.266000000003],[103.1722846749978,-4.022091864048264,1367.399000000005],[103.1724106115605,-4.022146401635098,1366.736000000004],[103.1724925388996,-4.02225283190262,1368.010999999999],[103.1725239135478,-4.022315068585499,1367.042000000001],[103.1726228371742,-4.022370674566957,1364.491999999998],[103.1726935940342,-4.022438650723132,1363.778000000006],[103.1726810170154,-4.022526784283627,1363.676000000007],[103.1726807903862,-4.02252734366192,1363.669399999999]]]},"properties":{"name":" ","description":"<html xmlns:fo=\"http://www.w3.org/1999/XSL/Format\" xmlns:msxsl=\"urn:schemas-microsoft-com:xslt\">\n\n<head>\n\n<META http-equiv=\"Content-Type\" content=\"text/html\">\n\n<meta http-equiv=\"content-type\" content=\"text/html; charset=UTF-8\">\n\n</head>\n\n<body style=\"margin:0px 0px 0px 0px;overflow:auto;background:#FFFFFF;\">\n\n<table style=\"font-family:Arial,Verdana,Times;font-size:12px;text-align:left;width:100%;border-collapse:collapse;padding:3px 3px 3px 3px\">\n\n<tr style=\"text-align:center;font-weight:bold;background:#9CBCE2\">\n\n<td> </td>\n\n</tr>\n\n<tr>\n\n<td>\n\n<table style=\"font-family:Arial,Verdana,Times;font-size:12px;text-align:left;width:100%;border-spacing:0px; padding:3px 3px 3px 3px\">\n\n<tr>\n\n<td>FID</td>\n\n<td>5</td>\n\n</tr>\n\n<tr bgcolor=\"#D4E4F3\">\n\n<td>NAMRJL</td>\n\n<td></td>\n\n</tr>\n\n<tr>\n\n<td>KONRJL</td>\n\n<td>0</td>\n\n</tr>\n\n<tr bgcolor=\"#D4E4F3\">\n\n<td>MATRJL</td>\n\n<td>0</td>\n\n</tr>\n\n<tr>\n\n<td>FGSRJL</td>\n\n<td>0</td>\n\n</tr>\n\n<tr bgcolor=\"#D4E4F3\">\n\n<td>UTKRJL</td>\n\n<td>0</td>\n\n</tr>\n\n<tr>\n\n<td>TOLRJL</td>\n\n<td>0</td>\n\n</tr>\n\n<tr bgcolor=\"#D4E4F3\">\n\n<td>WLYRJL</td>\n\n<td>0</td>\n\n</tr>\n\n<tr>\n\n<td>AUTRJL</td>\n\n<td>0</td>\n\n</tr>\n\n<tr bgcolor=\"#D4E4F3\">\n\n<td>KLSRJL</td>\n\n<td>0</td>\n\n</tr>\n\n<tr>\n\n<td>SPCRJL</td>\n\n<td>0</td>\n\n</tr>\n\n<tr bgcolor=\"#D4E4F3\">\n\n<td>JPARJL</td>\n\n<td>0</td>\n\n</tr>\n\n<tr>\n\n<td>ARHRJL</td>\n\n<td>0</td>\n\n</tr>\n\n<tr bgcolor=\"#D4E4F3\">\n\n<td>STARJL</td>\n\n<td>0</td>\n\n</tr>\n\n<tr>\n\n<td>KLLRJL</td>\n\n<td></td>\n\n</tr>\n\n<tr bgcolor=\"#D4E4F3\">\n\n<td>MEDRJL</td>\n\n<td>0</td>\n\n</tr>\n\n<tr>\n\n<td>LOCRJL</td>\n\n<td>0</td>\n\n</tr>\n\n<tr bgcolor=\"#D4E4F3\">\n\n<td>JARRJL</td>\n\n<td>0</td>\n\n</tr>\n\n<tr>\n\n<td>FCODE</td>\n\n<td></td>\n\n</tr>\n\n<tr bgcolor=\"#D4E4F3\">\n\n<td>REMARK</td>\n\n<td>Jalan Lain</td>\n\n</tr>\n\n<tr>\n\n<td>SRS_ID</td>\n\n<td></td>\n\n</tr>\n\n<tr bgcolor=\"#D4E4F3\">\n\n<td>LCODE</td>\n\n<td>CA0080</td>\n\n</tr>\n\n<tr>\n\n<td>METADATA</td>\n\n<td></td>\n\n</tr>\n\n<tr bgcolor=\"#D4E4F3\">\n\n<td>SHAPE_Leng</td>\n\n<td>0.00536</td>\n\n</tr>\n\n</table>\n\n</td>\n\n</tr>\n\n</table>\n\n</body>\n\n</html>\n\n","extrude":false,"altitudeMode":"clampToGround","tessellate":true}},
{"type":"Feature","id":"ID_80005","geometry":{"type":"MultiLineString","coordinates":[[[103.2028141511522,-4.032018023213141,912.5770000000048],[103.2028000156083,-4.031894292687412,913.0359999999928],[103.2026898954224,-4.031604690304164,913.648000000001],[103.2026075507979,-4.031379351675696,914.2090000000026],[103.2025260164626,-4.031193801752522,914.0559999999969]]]},"properties":{"name":" ","description":"<html xmlns:fo=\"http://www.w3.org/1999/XSL/Format\" xmlns:msxsl=\"urn:schemas-microsoft-com:xslt\">\n\n<head>\n\n<META http-equiv=\"Content-Type\" content=\"text/html\">\n\n<meta http-equiv=\"content-type\" content=\"text/html; charset=UTF-8\">\n\n</head>\n\n<body style=\"margin:0px 0px 0px 0px;overflow:auto;background:#FFFFFF;\">\n\n<table style=\"font-family:Arial,Verdana,Times;font-size:12px;text-align:left;width:100%;border-collapse:collapse;padding:3px 3px 3px 3px\">\n\n<tr style=\"text-align:center;font-weight:bold;background:#9CBCE2\">\n\n<td> </td>\n\n</tr>\n\n<tr>\n\n<td>\n\n<table style=\"font-family:Arial,Verdana,Times;font-size:12px;text-align:left;width:100%;border-spacing:0px; padding:3px 3px 3px 3px\">\n\n<tr>\n\n<td>FID</td>\n\n<td>6</td>\n\n</tr>\n\n<tr bgcolor=\"#D4E4F3\">\n\n<td>NAMRJL</td>\n\n<td></td>\n\n</tr>\n\n<tr>\n\n<td>KONRJL</td>\n\n<td>0</td>\n\n</tr>\n\n<tr bgcolor=\"#D4E4F3\">\n\n<td>MATRJL</td>\n\n<td>0</td>\n\n</tr>\n\n<tr>\n\n<td>FGSRJL</td>\n\n<td>0</td>\n\n</tr>\n\n<tr bgcolor=\"#D4E4F3\">\n\n<td>UTKRJL</td>\n\n<td>0</td>\n\n</tr>\n\n<tr>\n\n<td>TOLRJL</td>\n\n<td>0</td>\n\n</tr>\n\n<tr bgcolor=\"#D4E4F3\">\n\n<td>WLYRJL</td>\n\n<td>0</td>\n\n</tr>\n\n<tr>\n\n<td>AUTRJL</td>\n\n<td>0</td>\n\n</tr>\n\n<tr bgcolor=\"#D4E4F3\">\n\n<td>KLSRJL</td>\n\n<td>0</td>\n\n</tr>\n\n<tr>\n\n<td>SPCRJL</td>\n\n<td>0</td>\n\n</tr>\n\n<tr bgcolor=\"#D4E4F3\">\n\n<td>JPARJL</td>\n\n<td>0</td>\n\n</tr>\n\n<tr>\n\n<td>ARHRJL</td>\n\n<td>0</td>\n\n</tr>\n\n<tr bgcolor=\"#D4E4F3\">\n\n<td>STARJL</td>\n\n<td>0</td>\n\n</tr>\n\n<tr>\n\n<td>KLLRJL</td>\n\n<td></td>\n\n</tr>\n\n<tr bgcolor=\"#D4E4F3\">\n\n<td>MEDRJL</td>\n\n<td>0</td>\n\n</tr>\n\n<tr>\n\n<td>LOCRJL</td>\n\n<td>0</td>\n\n</tr>\n\n<tr bgcolor=\"#D4E4F3\">\n\n<td>JARRJL</td>\n\n<td>0</td>\n\n</tr>\n\n<tr>\n\n<td>FCODE</td>\n\n<td></td>\n\n</tr>\n\n<tr bgcolor=\"#D4E4F3\">\n\n<td>REMARK</td>\n\n<td>Jalan Lain</td>\n\n</tr>\n\n<tr>\n\n<td>SRS_ID</td>\n\n<td></td>\n\n</tr>\n\n<tr bgcolor=\"#D4E4F3\">\n\n<td>LCODE</td>\n\n<td>CA0080</td>\n\n</tr>\n\n<tr>\n\n<td>METADATA</td>\n\n<td></td>\n\n</tr>\n\n<tr bgcolor=\"#D4E4F3\">\n\n<td>SHAPE_Leng</td>\n\n<td>0.000877</td>\n\n</tr>\n\n</table>\n\n</td>\n\n</tr>\n\n</table>\n\n</body>\n\n</html>\n\n","extrude":false,"altitudeMode":"clampToGround","tessellate":true}},
{"type":"Feature","id":"ID_80006","geometry":{"type":"MultiLineString","coordinates":[[[103.1876653194989,-4.035508736339068,1085.701300000001],[103.187470881576,-4.035478139604436,1087.103000000003],[103.1875048714527,-4.035133429464167,1089.142999999996],[103.1875670361898,-4.034570049168394,1088.888000000006],[103.1876193956187,-4.034108710448606,1086.916800000006],[103.1876251449845,-4.033971707728085,1087.319099999993],[103.1876123530277,-4.033901116343372,1084.442999999999],[103.1875628633355,-4.033783455342132,1079.885999999999],[103.1875032014117,-4.033636382912675,1074.864000000001],[103.187472842098,-4.033468805940572,1070.120999999999],[103.1874365355677,-4.03334677153623,1065.532999999996],[103.187378219929,-4.033251125938648,1062.247000000003],[103.1873373304535,-4.033214304096816,1060.759000000005],[103.1873083165257,-4.033167081595479,1060.5003],[103.1872921305275,-4.033140734157485,1060.356],[103.1872848900857,-4.033108392738086,1061.843999999997],[103.1872836004579,-4.033027567967849,1066.524999999994],[103.1873174383492,-4.032946832230493,1068.509000000005],[103.1873995869215,-4.032852975384458,1071.671000000002],[103.1874289848598,-4.032792792753128,1074.740000000005],[103.1874306360151,-4.032706107101092,1079.142000000007],[103.1873907510824,-4.032620140906715,1083.595700000005],[103.1872759787035,-4.032505925208227,1084.876999999993],[103.1871299665747,-4.032366003288359,1083.792000000001],[103.186797117593,-4.032021424449113,1084.164000000004],[103.1864190246184,-4.031626783948866,1089.123999999996],[103.1862394758712,-4.031432424266939,1087.294999999998],[103.1860211069886,-4.031234854005277,1085.115399999995],[103.1857182512963,-4.030918449127057,1088.566000000006],[103.1854875356213,-4.0307063431232,1092.255000000005],[103.1852699536455,-4.030507485032388,1095.540999999997],[103.1852042203985,-4.030458853293396,1096.936000000002],[103.1851449595723,-4.030472474425096,1098.702999999994],[103.1851337809993,-4.030629027507587,1099.539999999994],[103.1851378369417,-4.030752987360415,1099.633000000002],[103.1851814019003,-4.030843593157272,1099.8845],[103.1852392543881,-4.030918490495878,1099.974000000002],[103.1853472287916,-4.03105574142927,1101.679000000004],[103.1853946185669,-4.031168931001332,1103.322],[103.1853941859929,-4.031364651357535,1105.213000000003],[103.1854024705476,-4.031534295870983,1107.414000000004],[103.1853848375403,-4.031673435380696,1109.460000000006],[103.1853412429041,-4.031801640033621,1111.599000000002],[103.1852624694874,-4.031848766307462,1114.065100000007]]]},"properties":{"name":" ","description":"<html xmlns:fo=\"http://www.w3.org/1999/XSL/Format\" xmlns:msxsl=\"urn:schemas-microsoft-com:xslt\">\n\n<head>\n\n<META http-equiv=\"Content-Type\" content=\"text/html\">\n\n<meta http-equiv=\"content-type\" content=\"text/html; charset=UTF-8\">\n\n</head>\n\n<body style=\"margin:0px 0px 0px 0px;overflow:auto;background:#FFFFFF;\">\n\n<table style=\"font-family:Arial,Verdana,Times;font-size:12px;text-align:left;width:100%;border-collapse:collapse;padding:3px 3px 3px 3px\">\n\n<tr style=\"text-align:center;font-weight:bold;background:#9CBCE2\">\n\n<td> </td>\n\n</tr>\n\n<tr>\n\n<td>\n\n<table style=\"font-family:Arial,Verdana,Times;font-size:12px;text-align:left;width:100%;border-spacing:0px; padding:3px 3px 3px 3px\">\n\n<tr>\n\n<td>FID</td>\n\n<td>7</td>\n\n</tr>\n\n<tr bgcolor=\"#D4E4F3\">\n\n<td>NAMRJL</td>\n\n<td></td>\n\n</tr>\n\n<tr>\n\n<td>KONRJL</td>\n\n<td>0</td>\n\n</tr>\n\n<tr bgcolor=\"#D4E4F3\">\n\n<td>MATRJL</td>\n\n<td>0</td>\n\n</tr>\n\n<tr>\n\n<td>FGSRJL</td>\n\n<td>0</td>\n\n</tr>\n\n<tr bgcolor=\"#D4E4F3\">\n\n<td>UTKRJL</td>\n\n<td>0</td>\n\n</tr>\n\n<tr>\n\n<td>TOLRJL</td>\n\n<td>0</td>\n\n</tr>\n\n<tr bgcolor=\"#D4E4F3\">\n\n<td>WLYRJL</td>\n\n<td>0</td>\n\n</tr>\n\n<tr>\n\n<td>AUTRJL</td>\n\n<td>0</td>\n\n</tr>\n\n<tr bgcolor=\"#D4E4F3\">\n\n<td>KLSRJL</td>\n\n<td>0</td>\n\n</tr>\n\n<tr>\n\n<td>SPCRJL</td>\n\n<td>0</td>\n\n</tr>\n\n<tr bgcolor=\"#D4E4F3\">\n\n<td>JPARJL</td>\n\n<td>0</td>\n\n</tr>\n\n<tr>\n\n<td>ARHRJL</td>\n\n<td>0</td>\n\n</tr>\n\n<tr bgcolor=\"#D4E4F3\">\n\n<td>STARJL</td>\n\n<td>0</td>\n\n</tr>\n\n<tr>\n\n<td>KLLRJL</td>\n\n<td></td>\n\n</tr>\n\n<tr bgcolor=\"#D4E4F3\">\n\n<td>MEDRJL</td>\n\n<td>0</td>\n\n</tr>\n\n<tr>\n\n<td>LOCRJL</td>\n\n<td>0</td>\n\n</tr>\n\n<tr bgcolor=\"#D4E4F3\">\n\n<td>JARRJL</td>\n\n<td>0</td>\n\n</tr>\n\n<tr>\n\n<td>FCODE</td>\n\n<td></td>\n\n</tr>\n\n<tr bgcolor=\"#D4E4F3\">\n\n<td>REMARK</td>\n\n<td>Jalan Lain</td>\n\n</tr>\n\n<tr>\n\n<td>SRS_ID</td>\n\n<td></td>\n\n</tr>\n\n<tr bgcolor=\"#D4E4F3\">\n\n<td>LCODE</td>\n\n<td>CA0080</td>\n\n</tr>\n\n<tr>\n\n<td>METADATA</td>\n\n<td></td>\n\n</tr>\n\n<tr bgcolor=\"#D4E4F3\">\n\n<td>SHAPE_Leng</td>\n\n<td>0.012399</td>\n\n</tr>\n\n</table>\n\n</td>\n\n</tr>\n\n</table>\n\n</body>\n\n</html>\n\n","extrude":false,"altitudeMode":"clampToGround","tessellate":true}},
{"type":"Feature","id":"ID_80007","geometry":{"type":"MultiLineString","coordinates":[[[103.1868329456839,-4.034510979897732,1099.137000000002],[103.1865784186592,-4.034478084495959,1104.672000000006],[103.1863443539089,-4.034455524103123,1106.434999999998],[103.1862200577095,-4.034418507108342,1108.607999999993],[103.1861335600158,-4.034496195043346,1110.616999999998],[103.1860338296975,-4.034600294268103,1111.519],[103.1857380975352,-4.034673101582314,1114.020000000004],[103.1855462370692,-4.034752017991195,1116.192999999999],[103.1854965854991,-4.034785417912644,1117.039000000004]]]},"properties":{"name":" ","description":"<html xmlns:fo=\"http://www.w3.org/1999/XSL/Format\" xmlns:msxsl=\"urn:schemas-microsoft-com:xslt\">\n\n<head>\n\n<META http-equiv=\"Content-Type\" content=\"text/html\">\n\n<meta http-equiv=\"content-type\" content=\"text/html; charset=UTF-8\">\n\n</head>\n\n<body style=\"margin:0px 0px 0px 0px;overflow:auto;background:#FFFFFF;\">\n\n<table style=\"font-family:Arial,Verdana,Times;font-size:12px;text-align:left;width:100%;border-collapse:collapse;padding:3px 3px 3px 3px\">\n\n<tr style=\"text-align:center;font-weight:bold;background:#9CBCE2\">\n\n<td> </td>\n\n</tr>\n\n<tr>\n\n<td>\n\n<table style=\"font-family:Arial,Verdana,Times;font-size:12px;text-align:left;width:100%;border-spacing:0px; padding:3px 3px 3px 3px\">\n\n<tr>\n\n<td>FID</td>\n\n<td>8</td>\n\n</tr>\n\n<tr bgcolor=\"#D4E4F3\">\n\n<td>NAMRJL</td>\n\n<td></td>\n\n</tr>\n\n<tr>\n\n<td>KONRJL</td>\n\n<td>0</td>\n\n</tr>\n\n<tr bgcolor=\"#D4E4F3\">\n\n<td>MATRJL</td>\n\n<td>0</td>\n\n</tr>\n\n<tr>\n\n<td>FGSRJL</td>\n\n<td>0</td>\n\n</tr>\n\n<tr bgcolor=\"#D4E4F3\">\n\n<td>UTKRJL</td>\n\n<td>0</td>\n\n</tr>\n\n<tr>\n\n<td>TOLRJL</td>\n\n<td>0</td>\n\n</tr>\n\n<tr bgcolor=\"#D4E4F3\">\n\n<td>WLYRJL</td>\n\n<td>0</td>\n\n</tr>\n\n<tr>\n\n<td>AUTRJL</td>\n\n<td>0</td>\n\n</tr>\n\n<tr bgcolor=\"#D4E4F3\">\n\n<td>KLSRJL</td>\n\n<td>0</td>\n\n</tr>\n\n<tr>\n\n<td>SPCRJL</td>\n\n<td>0</td>\n\n</tr>\n\n<tr bgcolor=\"#D4E4F3\">\n\n<td>JPARJL</td>\n\n<td>0</td>\n\n</tr>\n\n<tr>\n\n<td>ARHRJL</td>\n\n<td>0</td>\n\n</tr>\n\n<tr bgcolor=\"#D4E4F3\">\n\n<td>STARJL</td>\n\n<td>0</td>\n\n</tr>\n\n<tr>\n\n<td>KLLRJL</td>\n\n<td></td>\n\n</tr>\n\n<tr bgcolor=\"#D4E4F3\">\n\n<td>MEDRJL</td>\n\n<td>0</td>\n\n</tr>\n\n<tr>\n\n<td>LOCRJL</td>\n\n<td>0</td>\n\n</tr>\n\n<tr bgcolor=\"#D4E4F3\">\n\n<td>JARRJL</td>\n\n<td>0</td>\n\n</tr>\n\n<tr>\n\n<td>FCODE</td>\n\n<td></td>\n\n</tr>\n\n<tr bgcolor=\"#D4E4F3\">\n\n<td>REMARK</td>\n\n<td>Jalan Lain</td>\n\n</tr>\n\n<tr>\n\n<td>SRS_ID</td>\n\n<td></td>\n\n</tr>\n\n<tr bgcolor=\"#D4E4F3\">\n\n<td>LCODE</td>\n\n<td>CA0080</td>\n\n</tr>\n\n<tr>\n\n<td>METADATA</td>\n\n<td></td>\n\n</tr>\n\n<tr bgcolor=\"#D4E4F3\">\n\n<td>SHAPE_Leng</td>\n\n<td>0.003732</td>\n\n</tr>\n\n</table>\n\n</td>\n\n</tr>\n\n</table>\n\n</body>\n\n</html>\n\n","extrude":false,"altitudeMode":"clampToGround","tessellate":true}},
{"type":"Feature","id":"ID_80008","geometry":{"type":"MultiLineString","coordinates":[[[103.2040925797089,-4.02992607512823,898.4180000000051],[103.2041578947711,-4.030088757090425,899.6739999999991],[103.2043235040265,-4.030489939259269,899.6230000000069],[103.2039188369848,-4.030657232944918,901.9180000000051],[103.2035790641226,-4.030795733935918,904.6720000000059],[103.2031915300651,-4.030951310354624,908.4459999999963],[103.2028157519455,-4.031084306595403,911.8120000000054],[103.2025260164626,-4.031193801752522,914.0559999999969]]]},"properties":{"name":" ","description":"<html xmlns:fo=\"http://www.w3.org/1999/XSL/Format\" xmlns:msxsl=\"urn:schemas-microsoft-com:xslt\">\n\n<head>\n\n<META http-equiv=\"Content-Type\" content=\"text/html\">\n\n<meta http-equiv=\"content-type\" content=\"text/html; charset=UTF-8\">\n\n</head>\n\n<body style=\"margin:0px 0px 0px 0px;overflow:auto;background:#FFFFFF;\">\n\n<table style=\"font-family:Arial,Verdana,Times;font-size:12px;text-align:left;width:100%;border-collapse:collapse;padding:3px 3px 3px 3px\">\n\n<tr style=\"text-align:center;font-weight:bold;background:#9CBCE2\">\n\n<td> </td>\n\n</tr>\n\n<tr>\n\n<td>\n\n<table style=\"font-family:Arial,Verdana,Times;font-size:12px;text-align:left;width:100%;border-spacing:0px; padding:3px 3px 3px 3px\">\n\n<tr>\n\n<td>FID</td>\n\n<td>9</td>\n\n</tr>\n\n<tr bgcolor=\"#D4E4F3\">\n\n<td>NAMRJL</td>\n\n<td></td>\n\n</tr>\n\n<tr>\n\n<td>KONRJL</td>\n\n<td>0</td>\n\n</tr>\n\n<tr bgcolor=\"#D4E4F3\">\n\n<td>MATRJL</td>\n\n<td>0</td>\n\n</tr>\n\n<tr>\n\n<td>FGSRJL</td>\n\n<td>0</td>\n\n</tr>\n\n<tr bgcolor=\"#D4E4F3\">\n\n<td>UTKRJL</td>\n\n<td>0</td>\n\n</tr>\n\n<tr>\n\n<td>TOLRJL</td>\n\n<td>0</td>\n\n</tr>\n\n<tr bgcolor=\"#D4E4F3\">\n\n<td>WLYRJL</td>\n\n<td>0</td>\n\n</tr>\n\n<tr>\n\n<td>AUTRJL</td>\n\n<td>0</td>\n\n</tr>\n\n<tr bgcolor=\"#D4E4F3\">\n\n<td>KLSRJL</td>\n\n<td>0</td>\n\n</tr>\n\n<tr>\n\n<td>SPCRJL</td>\n\n<td>0</td>\n\n</tr>\n\n<tr bgcolor=\"#D4E4F3\">\n\n<td>JPARJL</td>\n\n<td>0</td>\n\n</tr>\n\n<tr>\n\n<td>ARHRJL</td>\n\n<td>0</td>\n\n</tr>\n\n<tr bgcolor=\"#D4E4F3\">\n\n<td>STARJL</td>\n\n<td>0</td>\n\n</tr>\n\n<tr>\n\n<td>KLLRJL</td>\n\n<td></td>\n\n</tr>\n\n<tr bgcolor=\"#D4E4F3\">\n\n<td>MEDRJL</td>\n\n<td>0</td>\n\n</tr>\n\n<tr>\n\n<td>LOCRJL</td>\n\n<td>0</td>\n\n</tr>\n\n<tr bgcolor=\"#D4E4F3\">\n\n<td>JARRJL</td>\n\n<td>0</td>\n\n</tr>\n\n<tr>\n\n<td>FCODE</td>\n\n<td></td>\n\n</tr>\n\n<tr bgcolor=\"#D4E4F3\">\n\n<td>REMARK</td>\n\n<td>Jalan Lain</td>\n\n</tr>\n\n<tr>\n\n<td>SRS_ID</td>\n\n<td></td>\n\n</tr>\n\n<tr bgcolor=\"#D4E4F3\">\n\n<td>LCODE</td>\n\n<td>CA0080</td>\n\n</tr>\n\n<tr>\n\n<td>METADATA</td>\n\n<td></td>\n\n</tr>\n\n<tr bgcolor=\"#D4E4F3\">\n\n<td>SHAPE_Leng</td>\n\n<td>0.00254</td>\n\n</tr>\n\n</table>\n\n</td>\n\n</tr>\n\n</table>\n\n</body>\n\n</html>\n\n","extrude":false,"altitudeMode":"clampToGround","tessellate":true}},
{"type":"Feature","id":"ID_80009","geometry":{"type":"MultiLineString","coordinates":[[[103.2025260164626,-4.031193801752522,914.0559999999969],[103.2023499885612,-4.030780353730279,913.6989999999932]]]},"properties":{"name":" ","description":"<html xmlns:fo=\"http://www.w3.org/1999/XSL/Format\" xmlns:msxsl=\"urn:schemas-microsoft-com:xslt\">\n\n<head>\n\n<META http-equiv=\"Content-Type\" content=\"text/html\">\n\n<meta http-equiv=\"content-type\" content=\"text/html; charset=UTF-8\">\n\n</head>\n\n<body style=\"margin:0px 0px 0px 0px;overflow:auto;background:#FFFFFF;\">\n\n<table style=\"font-family:Arial,Verdana,Times;font-size:12px;text-align:left;width:100%;border-collapse:collapse;padding:3px 3px 3px 3px\">\n\n<tr style=\"text-align:center;font-weight:bold;background:#9CBCE2\">\n\n<td> </td>\n\n</tr>\n\n<tr>\n\n<td>\n\n<table style=\"font-family:Arial,Verdana,Times;font-size:12px;text-align:left;width:100%;border-spacing:0px; padding:3px 3px 3px 3px\">\n\n<tr>\n\n<td>FID</td>\n\n<td>10</td>\n\n</tr>\n\n<tr bgcolor=\"#D4E4F3\">\n\n<td>NAMRJL</td>\n\n<td></td>\n\n</tr>\n\n<tr>\n\n<td>KONRJL</td>\n\n<td>0</td>\n\n</tr>\n\n<tr bgcolor=\"#D4E4F3\">\n\n<td>MATRJL</td>\n\n<td>0</td>\n\n</tr>\n\n<tr>\n\n<td>FGSRJL</td>\n\n<td>0</td>\n\n</tr>\n\n<tr bgcolor=\"#D4E4F3\">\n\n<td>UTKRJL</td>\n\n<td>0</td>\n\n</tr>\n\n<tr>\n\n<td>TOLRJL</td>\n\n<td>0</td>\n\n</tr>\n\n<tr bgcolor=\"#D4E4F3\">\n\n<td>WLYRJL</td>\n\n<td>0</td>\n\n</tr>\n\n<tr>\n\n<td>AUTRJL</td>\n\n<td>0</td>\n\n</tr>\n\n<tr bgcolor=\"#D4E4F3\">\n\n<td>KLSRJL</td>\n\n<td>0</td>\n\n</tr>\n\n<tr>\n\n<td>SPCRJL</td>\n\n<td>0</td>\n\n</tr>\n\n<tr bgcolor=\"#D4E4F3\">\n\n<td>JPARJL</td>\n\n<td>0</td>\n\n</tr>\n\n<tr>\n\n<td>ARHRJL</td>\n\n<td>0</td>\n\n</tr>\n\n<tr bgcolor=\"#D4E4F3\">\n\n<td>STARJL</td>\n\n<td>0</td>\n\n</tr>\n\n<tr>\n\n<td>KLLRJL</td>\n\n<td></td>\n\n</tr>\n\n<tr bgcolor=\"#D4E4F3\">\n\n<td>MEDRJL</td>\n\n<td>0</td>\n\n</tr>\n\n<tr>\n\n<td>LOCRJL</td>\n\n<td>0</td>\n\n</tr>\n\n<tr bgcolor=\"#D4E4F3\">\n\n<td>JARRJL</td>\n\n<td>0</td>\n\n</tr>\n\n<tr>\n\n<td>FCODE</td>\n\n<td></td>\n\n</tr>\n\n<tr bgcolor=\"#D4E4F3\">\n\n<td>REMARK</td>\n\n<td>Jalan Lain</td>\n\n</tr>\n\n<tr>\n\n<td>SRS_ID</td>\n\n<td></td>\n\n</tr>\n\n<tr bgcolor=\"#D4E4F3\">\n\n<td>LCODE</td>\n\n<td>CA0080</td>\n\n</tr>\n\n<tr>\n\n<td>METADATA</td>\n\n<td></td>\n\n</tr>\n\n<tr bgcolor=\"#D4E4F3\">\n\n<td>SHAPE_Leng</td>\n\n<td>0.000449</td>\n\n</tr>\n\n</table>\n\n</td>\n\n</tr>\n\n</table>\n\n</body>\n\n</html>\n\n","extrude":false,"altitudeMode":"clampToGround","tessellate":true}},
{"type":"Feature","id":"ID_80010","geometry":{"type":"MultiLineString","coordinates":[[[103.2023161614617,-4.030793555777905,913.6169999999984],[103.2023499885612,-4.030780353730279,913.6989999999932],[103.2029838577189,-4.030464621544979,908.3629999999976],[103.203434892906,-4.030234187357792,904.0280000000057],[103.2040925797089,-4.02992607512823,898.4180000000051],[103.2045454234326,-4.029712237929402,893.9809999999998],[103.2046671826444,-4.029656897247946,893.056500000006]],[[103.1961538889909,-4.034115406800538,980.0216999999975],[103.1965639168913,-4.033851939615261,974.9180000000051],[103.1971700275748,-4.033508283480444,967.0639999999985],[103.1975156595201,-4.033318383536539,961.5050000000047],[103.1979442575216,-4.033084430302154,954.9260000000068],[103.1981064799302,-4.033003076730552,954.9260000000068],[103.1985137990727,-4.032789667609052,950.8969999999972],[103.1991930399269,-4.032422417760301,943.1450000000041],[103.1997463055476,-4.032122117042036,937.1779999999999],[103.2003000550036,-4.031830778067899,931.721000000005],[103.2004134640102,-4.031771278022006,930.6572000000015],[103.2008709203567,-4.0315312759476,926.3659999999945],[103.2011712327662,-4.031372170589179,923.2857999999978],[103.2016913547723,-4.031096608421706,917.9510000000009],[103.201945940253,-4.030970396666419,915.915399999998]],[[103.1955112550405,-4.034520027976839,987.9716000000044],[103.1955681002876,-4.034485196334685,987.250199999995]]]},"properties":{"name":" ","description":"<html xmlns:fo=\"http://www.w3.org/1999/XSL/Format\" xmlns:msxsl=\"urn:schemas-microsoft-com:xslt\">\n\n<head>\n\n<META http-equiv=\"Content-Type\" content=\"text/html\">\n\n<meta http-equiv=\"content-type\" content=\"text/html; charset=UTF-8\">\n\n</head>\n\n<body style=\"margin:0px 0px 0px 0px;overflow:auto;background:#FFFFFF;\">\n\n<table style=\"font-family:Arial,Verdana,Times;font-size:12px;text-align:left;width:100%;border-collapse:collapse;padding:3px 3px 3px 3px\">\n\n<tr style=\"text-align:center;font-weight:bold;background:#9CBCE2\">\n\n<td> </td>\n\n</tr>\n\n<tr>\n\n<td>\n\n<table style=\"font-family:Arial,Verdana,Times;font-size:12px;text-align:left;width:100%;border-spacing:0px; padding:3px 3px 3px 3px\">\n\n<tr>\n\n<td>FID</td>\n\n<td>11</td>\n\n</tr>\n\n<tr bgcolor=\"#D4E4F3\">\n\n<td>NAMRJL</td>\n\n<td></td>\n\n</tr>\n\n<tr>\n\n<td>KONRJL</td>\n\n<td>0</td>\n\n</tr>\n\n<tr bgcolor=\"#D4E4F3\">\n\n<td>MATRJL</td>\n\n<td>0</td>\n\n</tr>\n\n<tr>\n\n<td>FGSRJL</td>\n\n<td>0</td>\n\n</tr>\n\n<tr bgcolor=\"#D4E4F3\">\n\n<td>UTKRJL</td>\n\n<td>0</td>\n\n</tr>\n\n<tr>\n\n<td>TOLRJL</td>\n\n<td>0</td>\n\n</tr>\n\n<tr bgcolor=\"#D4E4F3\">\n\n<td>WLYRJL</td>\n\n<td>0</td>\n\n</tr>\n\n<tr>\n\n<td>AUTRJL</td>\n\n<td>0</td>\n\n</tr>\n\n<tr bgcolor=\"#D4E4F3\">\n\n<td>KLSRJL</td>\n\n<td>0</td>\n\n</tr>\n\n<tr>\n\n<td>SPCRJL</td>\n\n<td>0</td>\n\n</tr>\n\n<tr bgcolor=\"#D4E4F3\">\n\n<td>JPARJL</td>\n\n<td>0</td>\n\n</tr>\n\n<tr>\n\n<td>ARHRJL</td>\n\n<td>0</td>\n\n</tr>\n\n<tr bgcolor=\"#D4E4F3\">\n\n<td>STARJL</td>\n\n<td>0</td>\n\n</tr>\n\n<tr>\n\n<td>KLLRJL</td>\n\n<td></td>\n\n</tr>\n\n<tr bgcolor=\"#D4E4F3\">\n\n<td>MEDRJL</td>\n\n<td>0</td>\n\n</tr>\n\n<tr>\n\n<td>LOCRJL</td>\n\n<td>0</td>\n\n</tr>\n\n<tr bgcolor=\"#D4E4F3\">\n\n<td>JARRJL</td>\n\n<td>0</td>\n\n</tr>\n\n<tr>\n\n<td>FCODE</td>\n\n<td></td>\n\n</tr>\n\n<tr bgcolor=\"#D4E4F3\">\n\n<td>REMARK</td>\n\n<td>Jalan Lokal</td>\n\n</tr>\n\n<tr>\n\n<td>SRS_ID</td>\n\n<td></td>\n\n</tr>\n\n<tr bgcolor=\"#D4E4F3\">\n\n<td>LCODE</td>\n\n<td>CA0080</td>\n\n</tr>\n\n<tr>\n\n<td>METADATA</td>\n\n<td></td>\n\n</tr>\n\n<tr bgcolor=\"#D4E4F3\">\n\n<td>SHAPE_Leng</td>\n\n<td>0.020299</td>\n\n</tr>\n\n</table>\n\n</td>\n\n</tr>\n\n</table>\n\n</body>\n\n</html>\n\n","extrude":false,"altitudeMode":"clampToGround","tessellate":true}},
{"type":"Feature","id":"ID_80011","geometry":{"type":"MultiLineString","coordinates":[[[103.1757882385364,-4.022653989789774,1300.323999999993],[103.1757922108419,-4.022613081428517,1300.376000000004],[103.1757484974952,-4.022530697233833,1300.964000000007],[103.1756374393164,-4.022465796759093,1301.307000000001],[103.1755058451187,-4.022424358697151,1301.307000000001],[103.1753728605691,-4.022352055902616,1300.572],[103.175387264111,-4.02232138092694,1298.415999999997],[103.1754399275107,-4.022325903617514,1297.778999999995],[103.1755233216441,-4.022331967746084,1295.328999999998],[103.1757017408427,-4.02237204513375,1291.604999999996],[103.1758552497201,-4.022426752692411,1288.175000000003],[103.175998481145,-4.022499077070677,1283.127999999997],[103.1761051119614,-4.022583066555228,1280.678],[103.1761809023268,-4.022715479136025,1278.619999999995],[103.1761809302058,-4.022715511511592,1278.619300000006]]]},"properties":{"name":" ","description":"<html xmlns:fo=\"http://www.w3.org/1999/XSL/Format\" xmlns:msxsl=\"urn:schemas-microsoft-com:xslt\">\n\n<head>\n\n<META http-equiv=\"Content-Type\" content=\"text/html\">\n\n<meta http-equiv=\"content-type\" content=\"text/html; charset=UTF-8\">\n\n</head>\n\n<body style=\"margin:0px 0px 0px 0px;overflow:auto;background:#FFFFFF;\">\n\n<table style=\"font-family:Arial,Verdana,Times;font-size:12px;text-align:left;width:100%;border-collapse:collapse;padding:3px 3px 3px 3px\">\n\n<tr style=\"text-align:center;font-weight:bold;background:#9CBCE2\">\n\n<td> </td>\n\n</tr>\n\n<tr>\n\n<td>\n\n<table style=\"font-family:Arial,Verdana,Times;font-size:12px;text-align:left;width:100%;border-spacing:0px; padding:3px 3px 3px 3px\">\n\n<tr>\n\n<td>FID</td>\n\n<td>12</td>\n\n</tr>\n\n<tr bgcolor=\"#D4E4F3\">\n\n<td>NAMRJL</td>\n\n<td></td>\n\n</tr>\n\n<tr>\n\n<td>KONRJL</td>\n\n<td>0</td>\n\n</tr>\n\n<tr bgcolor=\"#D4E4F3\">\n\n<td>MATRJL</td>\n\n<td>0</td>\n\n</tr>\n\n<tr>\n\n<td>FGSRJL</td>\n\n<td>0</td>\n\n</tr>\n\n<tr bgcolor=\"#D4E4F3\">\n\n<td>UTKRJL</td>\n\n<td>0</td>\n\n</tr>\n\n<tr>\n\n<td>TOLRJL</td>\n\n<td>0</td>\n\n</tr>\n\n<tr bgcolor=\"#D4E4F3\">\n\n<td>WLYRJL</td>\n\n<td>0</td>\n\n</tr>\n\n<tr>\n\n<td>AUTRJL</td>\n\n<td>0</td>\n\n</tr>\n\n<tr bgcolor=\"#D4E4F3\">\n\n<td>KLSRJL</td>\n\n<td>0</td>\n\n</tr>\n\n<tr>\n\n<td>SPCRJL</td>\n\n<td>0</td>\n\n</tr>\n\n<tr bgcolor=\"#D4E4F3\">\n\n<td>JPARJL</td>\n\n<td>0</td>\n\n</tr>\n\n<tr>\n\n<td>ARHRJL</td>\n\n<td>0</td>\n\n</tr>\n\n<tr bgcolor=\"#D4E4F3\">\n\n<td>STARJL</td>\n\n<td>0</td>\n\n</tr>\n\n<tr>\n\n<td>KLLRJL</td>\n\n<td></td>\n\n</tr>\n\n<tr bgcolor=\"#D4E4F3\">\n\n<td>MEDRJL</td>\n\n<td>0</td>\n\n</tr>\n\n<tr>\n\n<td>LOCRJL</td>\n\n<td>0</td>\n\n</tr>\n\n<tr bgcolor=\"#D4E4F3\">\n\n<td>JARRJL</td>\n\n<td>0</td>\n\n</tr>\n\n<tr>\n\n<td>FCODE</td>\n\n<td></td>\n\n</tr>\n\n<tr bgcolor=\"#D4E4F3\">\n\n<td>REMARK</td>\n\n<td>Jalan Lain</td>\n\n</tr>\n\n<tr>\n\n<td>SRS_ID</td>\n\n<td></td>\n\n</tr>\n\n<tr bgcolor=\"#D4E4F3\">\n\n<td>LCODE</td>\n\n<td>CA0080</td>\n\n</tr>\n\n<tr>\n\n<td>METADATA</td>\n\n<td></td>\n\n</tr>\n\n<tr bgcolor=\"#D4E4F3\">\n\n<td>SHAPE_Leng</td>\n\n<td>0.009051</td>\n\n</tr>\n\n</table>\n\n</td>\n\n</tr>\n\n</table>\n\n</body>\n\n</html>\n\n","extrude":false,"altitudeMode":"clampToGround","tessellate":true}},
{"type":"Feature","id":"ID_80012","geometry":{"type":"MultiLineString","coordinates":[[[103.1868329456839,-4.034510979897732,1099.137000000002],[103.1868059444388,-4.034988437166589,1099.301000000007],[103.1867686108827,-4.03532631245929,1098.972999999998],[103.1867418488573,-4.035378902114587,1097.954400000002],[103.1866206175475,-4.035421494006698,1099.301000000007],[103.186436211562,-4.035440179220871,1099.054999999993],[103.1864220292533,-4.035444443806,1099.054999999993]]]},"properties":{"name":" ","description":"<html xmlns:fo=\"http://www.w3.org/1999/XSL/Format\" xmlns:msxsl=\"urn:schemas-microsoft-com:xslt\">\n\n<head>\n\n<META http-equiv=\"Content-Type\" content=\"text/html\">\n\n<meta http-equiv=\"content-type\" content=\"text/html; charset=UTF-8\">\n\n</head>\n\n<body style=\"margin:0px 0px 0px 0px;overflow:auto;background:#FFFFFF;\">\n\n<table style=\"font-family:Arial,Verdana,Times;font-size:12px;text-align:left;width:100%;border-collapse:collapse;padding:3px 3px 3px 3px\">\n\n<tr style=\"text-align:center;font-weight:bold;background:#9CBCE2\">\n\n<td> </td>\n\n</tr>\n\n<tr>\n\n<td>\n\n<table style=\"font-family:Arial,Verdana,Times;font-size:12px;text-align:left;width:100%;border-spacing:0px; padding:3px 3px 3px 3px\">\n\n<tr>\n\n<td>FID</td>\n\n<td>13</td>\n\n</tr>\n\n<tr bgcolor=\"#D4E4F3\">\n\n<td>NAMRJL</td>\n\n<td></td>\n\n</tr>\n\n<tr>\n\n<td>KONRJL</td>\n\n<td>0</td>\n\n</tr>\n\n<tr bgcolor=\"#D4E4F3\">\n\n<td>MATRJL</td>\n\n<td>0</td>\n\n</tr>\n\n<tr>\n\n<td>FGSRJL</td>\n\n<td>0</td>\n\n</tr>\n\n<tr bgcolor=\"#D4E4F3\">\n\n<td>UTKRJL</td>\n\n<td>0</td>\n\n</tr>\n\n<tr>\n\n<td>TOLRJL</td>\n\n<td>0</td>\n\n</tr>\n\n<tr bgcolor=\"#D4E4F3\">\n\n<td>WLYRJL</td>\n\n<td>0</td>\n\n</tr>\n\n<tr>\n\n<td>AUTRJL</td>\n\n<td>0</td>\n\n</tr>\n\n<tr bgcolor=\"#D4E4F3\">\n\n<td>KLSRJL</td>\n\n<td>0</td>\n\n</tr>\n\n<tr>\n\n<td>SPCRJL</td>\n\n<td>0</td>\n\n</tr>\n\n<tr bgcolor=\"#D4E4F3\">\n\n<td>JPARJL</td>\n\n<td>0</td>\n\n</tr>\n\n<tr>\n\n<td>ARHRJL</td>\n\n<td>0</td>\n\n</tr>\n\n<tr bgcolor=\"#D4E4F3\">\n\n<td>STARJL</td>\n\n<td>0</td>\n\n</tr>\n\n<tr>\n\n<td>KLLRJL</td>\n\n<td></td>\n\n</tr>\n\n<tr bgcolor=\"#D4E4F3\">\n\n<td>MEDRJL</td>\n\n<td>0</td>\n\n</tr>\n\n<tr>\n\n<td>LOCRJL</td>\n\n<td>0</td>\n\n</tr>\n\n<tr bgcolor=\"#D4E4F3\">\n\n<td>JARRJL</td>\n\n<td>0</td>\n\n</tr>\n\n<tr>\n\n<td>FCODE</td>\n\n<td></td>\n\n</tr>\n\n<tr bgcolor=\"#D4E4F3\">\n\n<td>REMARK</td>\n\n<td>Jalan Lain</td>\n\n</tr>\n\n<tr>\n\n<td>SRS_ID</td>\n\n<td></td>\n\n</tr>\n\n<tr bgcolor=\"#D4E4F3\">\n\n<td>LCODE</td>\n\n<td>CA0080</td>\n\n</tr>\n\n<tr>\n\n<td>METADATA</td>\n\n<td></td>\n\n</tr>\n\n<tr bgcolor=\"#D4E4F3\">\n\n<td>SHAPE_Leng</td>\n\n<td>0.009831</td>\n\n</tr>\n\n</table>\n\n</td>\n\n</tr>\n\n</table>\n\n</body>\n\n</html>\n\n","extrude":false,"altitudeMode":"clampToGround","tessellate":true}},
{"type":"Feature","id":"ID_80013","geometry":{"type":"MultiLineString","coordinates":[[[103.1984953809571,-4.017840324471365,913.8221999999951],[103.1985113897888,-4.017908759281795,914.3300000000017],[103.1985282475806,-4.018014313609626,918.971000000005],[103.1985478590965,-4.018145905109407,923.4079999999958],[103.1985828121471,-4.01827420419113,926.926999999996],[103.1986288835162,-4.018389531451646,928.3784000000014],[103.1987200630805,-4.01861133844244,927.028999999995],[103.1987872514306,-4.018804506522713,925.2949999999983],[103.198861106455,-4.018951536684028,924.8870000000024],[103.1989728876887,-4.019074181728058,924.4279999999999],[103.1990877895699,-4.01918967266522,924.0200000000041],[103.1993137514285,-4.019313338439758,922.2350000000006],[103.1994170394648,-4.019391631618475,921.4189999999944],[103.1994520590653,-4.01943072424848,920.7449999999953]],[[103.2001162371747,-4.021133121995945,919.8555000000051],[103.2001696551056,-4.021338509164821,920.755999999994]]]},"properties":{"name":" ","description":"<html xmlns:fo=\"http://www.w3.org/1999/XSL/Format\" xmlns:msxsl=\"urn:schemas-microsoft-com:xslt\">\n\n<head>\n\n<META http-equiv=\"Content-Type\" content=\"text/html\">\n\n<meta http-equiv=\"content-type\" content=\"text/html; charset=UTF-8\">\n\n</head>\n\n<body style=\"margin:0px 0px 0px 0px;overflow:auto;background:#FFFFFF;\">\n\n<table style=\"font-family:Arial,Verdana,Times;font-size:12px;text-align:left;width:100%;border-collapse:collapse;padding:3px 3px 3px 3px\">\n\n<tr style=\"text-align:center;font-weight:bold;background:#9CBCE2\">\n\n<td> </td>\n\n</tr>\n\n<tr>\n\n<td>\n\n<table style=\"font-family:Arial,Verdana,Times;font-size:12px;text-align:left;width:100%;border-spacing:0px; padding:3px 3px 3px 3px\">\n\n<tr>\n\n<td>FID</td>\n\n<td>14</td>\n\n</tr>\n\n<tr bgcolor=\"#D4E4F3\">\n\n<td>NAMRJL</td>\n\n<td></td>\n\n</tr>\n\n<tr>\n\n<td>KONRJL</td>\n\n<td>0</td>\n\n</tr>\n\n<tr bgcolor=\"#D4E4F3\">\n\n<td>MATRJL</td>\n\n<td>0</td>\n\n</tr>\n\n<tr>\n\n<td>FGSRJL</td>\n\n<td>0</td>\n\n</tr>\n\n<tr bgcolor=\"#D4E4F3\">\n\n<td>UTKRJL</td>\n\n<td>0</td>\n\n</tr>\n\n<tr>\n\n<td>TOLRJL</td>\n\n<td>0</td>\n\n</tr>\n\n<tr bgcolor=\"#D4E4F3\">\n\n<td>WLYRJL</td>\n\n<td>0</td>\n\n</tr>\n\n<tr>\n\n<td>AUTRJL</td>\n\n<td>0</td>\n\n</tr>\n\n<tr bgcolor=\"#D4E4F3\">\n\n<td>KLSRJL</td>\n\n<td>0</td>\n\n</tr>\n\n<tr>\n\n<td>SPCRJL</td>\n\n<td>0</td>\n\n</tr>\n\n<tr bgcolor=\"#D4E4F3\">\n\n<td>JPARJL</td>\n\n<td>0</td>\n\n</tr>\n\n<tr>\n\n<td>ARHRJL</td>\n\n<td>0</td>\n\n</tr>\n\n<tr bgcolor=\"#D4E4F3\">\n\n<td>STARJL</td>\n\n<td>0</td>\n\n</tr>\n\n<tr>\n\n<td>KLLRJL</td>\n\n<td></td>\n\n</tr>\n\n<tr bgcolor=\"#D4E4F3\">\n\n<td>MEDRJL</td>\n\n<td>0</td>\n\n</tr>\n\n<tr>\n\n<td>LOCRJL</td>\n\n<td>0</td>\n\n</tr>\n\n<tr bgcolor=\"#D4E4F3\">\n\n<td>JARRJL</td>\n\n<td>0</td>\n\n</tr>\n\n<tr>\n\n<td>FCODE</td>\n\n<td></td>\n\n</tr>\n\n<tr bgcolor=\"#D4E4F3\">\n\n<td>REMARK</td>\n\n<td>Jalan Lain</td>\n\n</tr>\n\n<tr>\n\n<td>SRS_ID</td>\n\n<td></td>\n\n</tr>\n\n<tr bgcolor=\"#D4E4F3\">\n\n<td>LCODE</td>\n\n<td>CA0080</td>\n\n</tr>\n\n<tr>\n\n<td>METADATA</td>\n\n<td></td>\n\n</tr>\n\n<tr bgcolor=\"#D4E4F3\">\n\n<td>SHAPE_Leng</td>\n\n<td>0.008714</td>\n\n</tr>\n\n</table>\n\n</td>\n\n</tr>\n\n</table>\n\n</body>\n\n</html>\n\n","extrude":false,"altitudeMode":"clampToGround","tessellate":true}},
{"type":"Feature","id":"ID_80014","geometry":{"type":"MultiLineString","coordinates":[[[103.1874936856851,-4.025397689151987,1057.979000000007],[103.1874820403639,-4.025475603716075,1058.154999999999],[103.1874019764201,-4.025551832950669,1059.581000000006],[103.1871736124723,-4.025599075237096,1060.883000000002],[103.1870518037978,-4.025631275462956,1061.657999999996],[103.1869583678344,-4.025736129218956,1062.464000000007],[103.1868934196957,-4.025862053191133,1063.331999999995],[103.1868265667927,-4.025986073298611,1064.076000000001],[103.1867141560335,-4.026067953872939,1065.532999999996],[103.1865580175385,-4.026142106572934,1067.888999999996],[103.1863999895679,-4.026208611438221,1069.687000000005],[103.186310718365,-4.026318820657025,1070.679000000004],[103.1862038465304,-4.026477129216119,1071.794999999998],[103.1860927640699,-4.026597704020787,1073.067800000004],[103.1860036403558,-4.026694440495987,1074.089000000007],[103.1859045305697,-4.026784000381269,1075.514999999999],[103.1858510325991,-4.026890852430824,1076.134999999995],[103.185799278414,-4.027068382200014,1078.335999999996],[103.1856619204613,-4.02724954612961,1080.350999999995],[103.1855817989609,-4.02735633792463,1081.063999999998],[103.1855223843506,-4.027556773426284,1083.233999999997],[103.1854708469021,-4.02763689132945,1083.823000000004],[103.1853071298202,-4.027697651325525,1085.962],[103.1852061773233,-4.027760459977173,1086.551000000007],[103.185099381931,-4.027884382058517,1087.108999999997],[103.1849011686541,-4.028059676113116,1090.178],[103.1845682675116,-4.028176932419456,1093.5147],[103.184356693007,-4.028262852748412,1089.278999999995],[103.1841080727294,-4.028364787305065,1088.086200000005],[103.1838312173369,-4.028477526316749,1089.619999999995],[103.1835723205062,-4.028568637532544,1089.650999999998],[103.1833799842989,-4.028667535977945,1089.805999999997],[103.1832894441526,-4.028752620836713,1089.776599999997]],[[103.200737656118,-4.025622258860096,918.3545000000013],[103.2005579239091,-4.02568613230909,920.8249999999971],[103.2002438743554,-4.025773311688909,924.0179999999964],[103.1998840933763,-4.025896674391959,927.3659999999945],[103.1996308937508,-4.025989711955617,929.2569999999978],[103.1994443923449,-4.026031327183944,930.6830000000045],[103.1990068424918,-4.026051372173015,934.0620000000054],[103.198662337397,-4.02614802231335,935.9839999999967],[103.1982683974686,-4.026233114366676,938.1230000000069],[103.1980096616167,-4.026251639501538,940.3239999999932],[103.1975618675862,-4.02623727103321,943.5479999999952],[103.1972024490339,-4.026196362671953,947.3920000000071],[103.1970521426423,-4.026211309404346,948.6319999999978],[103.1968220546941,-4.026278531928654,951.6797999999981],[103.1967666276778,-4.026294725121431,952.4140000000043],[103.1964888235005,-4.026336137102987,954.0570000000007],[103.1963271325911,-4.026339594096953,955.2039999999979],[103.1961332450533,-4.026296907776043,956.4752000000008]],[[103.1833774868816,-4.028880344352388,1089.339000000007],[103.183392827517,-4.028881506276434,1089.217000000004],[103.1836153908377,-4.028876271322815,1088.441999999995],[103.1838284105528,-4.028886305958224,1088.566000000006],[103.1841270475253,-4.028886974154489,1088.876000000004],[103.1844180051868,-4.028920096185459,1088.782999999996],[103.1845201537822,-4.02895161832248,1088.782999999996],[103.1845738810798,-4.028968197324389,1088.782999999996],[103.1847162905244,-4.029083127084618,1091.883000000002],[103.1848614330088,-4.029155755433692,1093.712],[103.1851618164647,-4.029225192988235,1096.904999999999],[103.1852264795185,-4.029228112187582,1097.157200000001],[103.1853843555037,-4.029235239314801,1097.773000000001],[103.1855300195948,-4.02926318035145,1097.022500000006],[103.1856219114221,-4.029331284211366,1097.463000000003],[103.1856388861257,-4.02939626562511,1097.587],[103.1856254376639,-4.029455453606261,1097.741999999998],[103.1854349495633,-4.029577279367913,1099.447],[103.1852788587324,-4.02963041671029,1101.369000000006],[103.1850656753407,-4.029692974451166,1104.251999999993],[103.1847974021784,-4.029724854518349,1106.638999999996],[103.1844873033464,-4.029743257345388,1109.025999999998],[103.1843883158681,-4.029777424388556,1109.243000000002],[103.1843501198622,-4.029846106512537,1109.088000000003],[103.1843540247185,-4.029919666559294,1108.806200000006]],[[103.1845801583477,-4.031037648868335,1115.261100000003],[103.184593122075,-4.031063305627015,1115.2696]],[[103.1847639105261,-4.031144205940279,1114.812300000005],[103.1848931745804,-4.031140520518534,1114.017000000007],[103.1850891323576,-4.03112185149223,1112.777000000002],[103.1851518861507,-4.031133457243186,1112.714999999997],[103.1851822148874,-4.031181278692998,1112.467000000004],[103.1851971984919,-4.03128637436663,1112.467000000004],[103.1852233705621,-4.031490826240599,1112.683999999994],[103.1852606816352,-4.03182137115931,1113.986000000004],[103.1852624694874,-4.031848766307462,1114.065100000007],[103.1852678582251,-4.031931305185537,1114.303499999995]],[[103.1848999590659,-4.034146175305693,1105.299499999994],[103.1851760230551,-4.034117846661275,1103.233999999997],[103.1854350718712,-4.034080873733274,1102.264999999999],[103.1856437946255,-4.034052595450873,1100.990000000005],[103.185861610425,-4.034068644752097,1099.307000000001],[103.1860558235175,-4.034103095081718,1099.153999999995],[103.1862829086294,-4.034146519746059,1099.357999999993],[103.186355630508,-4.034148786037576,1099.338600000003],[103.1864737708479,-4.034152471459322,1099.307000000001],[103.1867324284589,-4.034133337483468,1097.471000000005],[103.1869056990388,-4.034077851111874,1097.062999999995],[103.1870438483949,-4.03404739826874,1094.513000000006],[103.1872471743177,-4.034052655705466,1091.350999999995],[103.1874688607994,-4.034082519492642,1088.648000000001],[103.1876193956187,-4.034108710448606,1086.916800000006],[103.1877116480742,-4.034123290257583,1085.762900000002],[103.1879066660599,-4.034151207012542,1083.139999999999],[103.1883341569958,-4.034164895593392,1076.255000000005],[103.1885983733163,-4.034172945425041,1073.857999999993],[103.1888075844026,-4.034188513588958,1070.797999999995],[103.1888538886961,-4.034219613044684,1069.778000000006],[103.1890824630852,-4.034424391372511,1068.095000000001],[103.1893584794104,-4.034711433385894,1067.126000000004],[103.1895474449587,-4.034879212705448,1064.779999999999],[103.1897853471161,-4.035125017205758,1060.853000000003],[103.1899990665038,-4.035344825902939,1060.190000000002],[103.1902160810074,-4.035561495066872,1059.271999999997],[103.1903384553555,-4.035689420030678,1056.721999999994],[103.1906868734005,-4.036051684037943,1051.316000000006],[103.1910449816406,-4.036413718718109,1047.184999999998],[103.1912444674583,-4.036604061128457,1044.941000000006],[103.1913269883499,-4.03667183853446,1043.206999999995],[103.1916767005194,-4.036478406053561,1040.657000000007],[103.1920968736719,-4.036235425424479,1038.413],[103.1924649760779,-4.035999472097899,1035.199999999997],[103.1927463190874,-4.035817046419481,1027.957999999999],[103.1930758126987,-4.035628686114933,1022.603000000003],[103.1934524865431,-4.035417581056493,1017.910999999993],[103.193791007549,-4.03520625656347,1009.036999999997],[103.1941880186622,-4.034972472401648,1003.732999999993],[103.1945369969849,-4.034788405460517,1000.009999999995],[103.1948228797721,-4.034621550643976,996.3380000000034],[103.1950059556604,-4.034526342116976,994.8157999999967]],[[103.1951730829715,-4.034440458660185,993.1342000000004],[103.1952060772987,-4.034423624250792,992.7679999999964],[103.1952614656442,-4.034423376937241,991.4930000000022],[103.1953017876475,-4.034464049676103,991.0850000000064],[103.1953064461356,-4.034471837805029,990.9995999999956]]]},"properties":{"name":" ","description":"<html xmlns:fo=\"http://www.w3.org/1999/XSL/Format\" xmlns:msxsl=\"urn:schemas-microsoft-com:xslt\">\n\n<head>\n\n<META http-equiv=\"Content-Type\" content=\"text/html\">\n\n<meta http-equiv=\"content-type\" content=\"text/html; charset=UTF-8\">\n\n</head>\n\n<body style=\"margin:0px 0px 0px 0px;overflow:auto;background:#FFFFFF;\">\n\n<table style=\"font-family:Arial,Verdana,Times;font-size:12px;text-align:left;width:100%;border-collapse:collapse;padding:3px 3px 3px 3px\">\n\n<tr style=\"text-align:center;font-weight:bold;background:#9CBCE2\">\n\n<td> </td>\n\n</tr>\n\n<tr>\n\n<td>\n\n<table style=\"font-family:Arial,Verdana,Times;font-size:12px;text-align:left;width:100%;border-spacing:0px; padding:3px 3px 3px 3px\">\n\n<tr>\n\n<td>FID</td>\n\n<td>15</td>\n\n</tr>\n\n<tr bgcolor=\"#D4E4F3\">\n\n<td>NAMRJL</td>\n\n<td></td>\n\n</tr>\n\n<tr>\n\n<td>KONRJL</td>\n\n<td>0</td>\n\n</tr>\n\n<tr bgcolor=\"#D4E4F3\">\n\n<td>MATRJL</td>\n\n<td>0</td>\n\n</tr>\n\n<tr>\n\n<td>FGSRJL</td>\n\n<td>0</td>\n\n</tr>\n\n<tr bgcolor=\"#D4E4F3\">\n\n<td>UTKRJL</td>\n\n<td>0</td>\n\n</tr>\n\n<tr>\n\n<td>TOLRJL</td>\n\n<td>0</td>\n\n</tr>\n\n<tr bgcolor=\"#D4E4F3\">\n\n<td>WLYRJL</td>\n\n<td>0</td>\n\n</tr>\n\n<tr>\n\n<td>AUTRJL</td>\n\n<td>0</td>\n\n</tr>\n\n<tr bgcolor=\"#D4E4F3\">\n\n<td>KLSRJL</td>\n\n<td>0</td>\n\n</tr>\n\n<tr>\n\n<td>SPCRJL</td>\n\n<td>0</td>\n\n</tr>\n\n<tr bgcolor=\"#D4E4F3\">\n\n<td>JPARJL</td>\n\n<td>0</td>\n\n</tr>\n\n<tr>\n\n<td>ARHRJL</td>\n\n<td>0</td>\n\n</tr>\n\n<tr bgcolor=\"#D4E4F3\">\n\n<td>STARJL</td>\n\n<td>0</td>\n\n</tr>\n\n<tr>\n\n<td>KLLRJL</td>\n\n<td></td>\n\n</tr>\n\n<tr bgcolor=\"#D4E4F3\">\n\n<td>MEDRJL</td>\n\n<td>0</td>\n\n</tr>\n\n<tr>\n\n<td>LOCRJL</td>\n\n<td>0</td>\n\n</tr>\n\n<tr bgcolor=\"#D4E4F3\">\n\n<td>JARRJL</td>\n\n<td>0</td>\n\n</tr>\n\n<tr>\n\n<td>FCODE</td>\n\n<td></td>\n\n</tr>\n\n<tr bgcolor=\"#D4E4F3\">\n\n<td>REMARK</td>\n\n<td>Jalan Lokal</td>\n\n</tr>\n\n<tr>\n\n<td>SRS_ID</td>\n\n<td></td>\n\n</tr>\n\n<tr bgcolor=\"#D4E4F3\">\n\n<td>LCODE</td>\n\n<td>CA0080</td>\n\n</tr>\n\n<tr>\n\n<td>METADATA</td>\n\n<td></td>\n\n</tr>\n\n<tr bgcolor=\"#D4E4F3\">\n\n<td>SHAPE_Leng</td>\n\n<td>0.046402</td>\n\n</tr>\n\n</table>\n\n</td>\n\n</tr>\n\n</table>\n\n</body>\n\n</html>\n\n","extrude":false,"altitudeMode":"clampToGround","tessellate":true}},

{"type":"Feature","id":"ID_100000","geometry":{"type":"MultiPolygon","coordinates":[[[[103.1604323450733,-4.022649338958843,0],[103.1604323450733,-4.022322163070498,0],[103.1599564528721,-4.022322163070498,0],[103.1599564528721,-4.022649338958843,0],[103.1604323450733,-4.022649338958843,0]]],[[[103.1598077365592,-4.022738568746604,0],[103.1598077365592,-4.022262676545381,0],[103.1590938982575,-4.022262676545381,0],[103.1590938982575,-4.022738568746604,0],[103.1598077365592,-4.022738568746604,0]]],[[[103.1589451819446,-4.022827798534308,0],[103.1589451819446,-4.022203190020264,0],[103.1581718571177,-4.022203190020264,0],[103.1581718571177,-4.022827798534308,0],[103.1589451819446,-4.022827798534308,0]]],[[[103.161354386213,-4.022530365908494,0],[103.161354386213,-4.022024730444855,0],[103.1605513181235,-4.022024730444855,0],[103.1605513181235,-4.022530365908494,0],[103.161354386213,-4.022530365908494,0]]],[[[103.1578565785345,-4.022762363356605,0],[103.1578565785345,-4.022019971522809,0],[103.1569999725724,-4.022019971522809,0],[103.1569999725724,-4.022762363356605,0],[103.1578565785345,-4.022762363356605,0]]],[[[103.1623656571405,-4.022560109171138,0],[103.1623656571405,-4.021965243919681,0],[103.1616518188388,-4.021965243919681,0],[103.1616518188388,-4.022560109171138,0],[103.1623656571405,-4.022560109171138,0]]],[[[103.1593913308832,-4.022084216969915,0],[103.1593913308832,-4.021727297819041,0],[103.1585287762686,-4.021727297819041,0],[103.1585287762686,-4.022084216969915,0],[103.1593913308832,-4.022084216969915,0]]],[[[103.1683440529177,-4.022441136120847,0],[103.1683440529177,-4.021667811293923,0],[103.1674220117779,-4.021667811293923,0],[103.1674220117779,-4.022441136120847,0],[103.1683440529177,-4.022441136120847,0]]],[[[103.1602538854978,-4.022024730444855,0],[103.1602538854978,-4.021608324768806,0],[103.1596590202463,-4.021608324768806,0],[103.1596590202463,-4.022024730444855,0],[103.1602538854978,-4.022024730444855,0]]],[[[103.1584098032182,-4.021935500657037,0],[103.1584098032182,-4.021429865193397,0],[103.1574877620786,-4.021429865193397,0],[103.1574877620786,-4.021935500657037,0],[103.1584098032182,-4.021935500657037,0]]],[[[103.1601349124475,-4.021459608455928,0],[103.1601349124475,-4.021251405617932,0],[103.1587964656317,-4.021251405617932,0],[103.1587964656317,-4.021459608455928,0],[103.1601349124475,-4.021459608455928,0]]],[[[103.1658456188616,-4.022441136120847,0],[103.1658456188616,-4.022292419807911,0],[103.1667974032638,-4.022292419807911,0],[103.1667974032638,-4.021191919092814,0],[103.1658456188616,-4.021191919092814,0],[103.1658456188616,-4.021994987182268,0],[103.165458956448,-4.021994987182268,0],[103.165458956448,-4.022441136120847,0],[103.1658456188616,-4.022441136120847,0]]],[[[103.1629010358668,-4.022441136120847,0],[103.1629010358668,-4.021132432567583,0],[103.1625143734533,-4.021132432567583,0],[103.1625143734533,-4.022441136120847,0],[103.1629010358668,-4.022441136120847,0]]],[[[103.1622764273528,-4.021727297819041,0],[103.1622764273528,-4.021013459517349,0],[103.161562589051,-4.021013459517349,0],[103.161562589051,-4.021727297819041,0],[103.1622764273528,-4.021727297819041,0]]],[[[103.1674517550405,-4.020983716254648,0],[103.1674517550405,-4.020953972992231,0],[103.1669163763141,-4.020953972992231,0],[103.1669163763141,-4.020983716254648,0],[103.1674517550405,-4.020983716254648,0]]],[[[103.1612651564252,-4.021667811293923,0],[103.1612651564252,-4.020805256679353,0],[103.1604323450733,-4.020805256679353,0],[103.1604323450733,-4.021667811293923,0],[103.1612651564252,-4.021667811293923,0]]],[[[103.1638825635317,-4.021072946042466,0],[103.1638825635317,-4.020805256679353,0],[103.1629902656546,-4.020805256679353,0],[103.1629902656546,-4.021072946042466,0],[103.1638825635317,-4.021072946042466,0]]],[[[103.1653102401352,-4.02083499994194,0],[103.1653102401352,-4.020359107740774,0],[103.1643881989954,-4.020359107740774,0],[103.1643881989954,-4.02083499994194,0],[103.1653102401352,-4.02083499994194,0]]],[[[103.169504040158,-4.021013459517349,0],[103.169504040158,-4.020061675115016,0],[103.1689091749065,-4.020061675115016,0],[103.1689091749065,-4.021013459517349,0],[103.169504040158,-4.021013459517349,0]]],[[[103.1669163763141,-4.02038885100319,0],[103.1669163763141,-4.01958578291385,0],[103.1659645919119,-4.01958578291385,0],[103.1659645919119,-4.02038885100319,0],[103.1669163763141,-4.02038885100319,0]]],[[[103.168106106817,-4.019734499226672,0],[103.168106106817,-4.019466809863559,0],[103.1670353493645,-4.019466809863559,0],[103.1670353493645,-4.019734499226672,0],[103.168106106817,-4.019734499226672,0]]]]},"properties":{"name":"Class 1","description":"<html xmlns:fo=\"http://www.w3.org/1999/XSL/Format\" xmlns:msxsl=\"urn:schemas-microsoft-com:xslt\">\n\n<head>\n\n<META http-equiv=\"Content-Type\" content=\"text/html\">\n\n<meta http-equiv=\"content-type\" content=\"text/html; charset=UTF-8\">\n\n</head>\n\n<body style=\"margin:0px 0px 0px 0px;overflow:auto;background:#FFFFFF;\">\n\n<table style=\"font-family:Arial,Verdana,Times;font-size:12px;text-align:left;width:100%;border-collapse:collapse;padding:3px 3px 3px 3px\">\n\n<tr style=\"text-align:center;font-weight:bold;background:#9CBCE2\">\n\n<td>Class 1</td>\n\n</tr>\n\n<tr>\n\n<td>\n\n<table style=\"font-family:Arial,Verdana,Times;font-size:12px;text-align:left;width:100%;border-spacing:0px; padding:3px 3px 3px 3px\">\n\n<tr>\n\n<td>FID</td>\n\n<td>0</td>\n\n</tr>\n\n<tr bgcolor=\"#D4E4F3\">\n\n<td>Classname</td>\n\n<td>Class 1</td>\n\n</tr>\n\n<tr>\n\n<td>Classvalue</td>\n\n<td>1</td>\n\n</tr>\n\n<tr bgcolor=\"#D4E4F3\">\n\n<td>RED</td>\n\n<td>255</td>\n\n</tr>\n\n<tr>\n\n<td>GREEN</td>\n\n<td>0</td>\n\n</tr>\n\n<tr bgcolor=\"#D4E4F3\">\n\n<td>BLUE</td>\n\n<td>0</td>\n\n</tr>\n\n<tr>\n\n<td>Count</td>\n\n<td>1354847</td>\n\n</tr>\n\n</table>\n\n</td>\n\n</tr>\n\n</table>\n\n</body>\n\n</html>\n\n","extrude":false,"altitudeMode":"clampToGround"}}
]}
